url_core,gini_centered,max_party,rel_party,N_party,N_url
acast,1,GRÜNE,0.000138888888888889,1,1
derstandard,0.357559076806392,ÖVP,0.117964533538936,306,1754
sebastian-kurz,0.92367894551018,ÖVP,0.000771010023130301,2,3
twitter,0.35180290816642,GRÜNE,0.455,3276,8863
gruene,0.955563671272681,GRÜNE,0.00819444444444445,59,62
ots,0.16063119376681,SPÖ,0.0609738049430221,412,1255
welt,0.597858178137805,FPÖ,0.0126815771270463,55,98
youtube,0.271576412120705,ÖVP,0.0478026214340787,124,586
profil,0.251852287079964,NEOS,0.00838304046429147,52,156
kurier,0.186069748496672,NEOS,0.0422376269546993,262,741
oe24,0.716085408963342,FPÖ,0.0302052109753286,131,188
msn,0.524909208991834,NEOS,0.00048363694986297,3,9
vfgh,0.55873956337828,SPÖ,0.000591978688767204,4,10
krone,0.575145425427769,FPÖ,0.0581046806548305,252,469
andreaskollross,1,SPÖ,0.00162794139410981,11,11
html,1,SPÖ,0.000147994672191801,1,1
dietagespresse,0.397854111832088,NEOS,0.00403030791552475,25,70
google,0.638997795781201,SPÖ,0.00147994672191801,10,22
ichvermeideplastik,1,SPÖ,0.000295989344383602,2,2
kontrast,0.95593240728806,SPÖ,0.0186473286961669,126,132
facebook,0.365726797780564,FPÖ,0.228498962416417,991,3382
kinderfreunde,1,SPÖ,0.00118395737753441,8,8
orf,0.0441833668572289,SPÖ,0.0554980020719254,375,1406
spoe,0.96298682416144,SPÖ,0.00843569631493266,57,59
xn--sterreichkannmehr-yzb,1,SPÖ,0.000147994672191801,1,1
spiegel,0.438458590202618,FPÖ,0.0064560756283145,28,85
amazon,0.446545118977209,ÖVP,0.000771010023130301,2,7
bmf,0.598867815898816,GRÜNE,0.000277777777777778,2,4
diepresse,0.365528500107221,ÖVP,0.0632228218966847,164,853
gemeinsam-fuer-afrika,1,SPÖ,0.000147994672191801,1,1
heute,0.464449403107312,FPÖ,0.0175236338482822,76,208
kleinezeitung,0.561602173920913,ÖVP,0.0400925212027756,104,277
meinbezirk,0.247118133061371,SPÖ,0.00651176557643925,44,116
monatsrevue,0.781057611301925,SPÖ,0.000295989344383602,2,3
parlament,0.432694636889692,NEOS,0.0187006287280348,116,295
sn,0.21320663807632,NEOS,0.0048363694986297,30,89
tips,0.613230314494907,FPÖ,0.00161401890707863,7,18
trumau,1,SPÖ,0.000443984016575403,3,3
wienerzeitung,0.325533984555705,ÖVP,0.0107941403238242,28,136
zackzack,0.754872736490178,SPÖ,0.00192393073849341,13,18
oevp,1,ÖVP,0.00269853508095605,7,7
bmeia,0.849860290200935,ÖVP,0.00269853508095605,7,10
dieneuevolkspartei,0.998913344001609,ÖVP,0.0740169622205089,192,193
bvz,0.932760732391746,FPÖ,0.00207516716624395,9,11
neos,0.988594416007588,NEOS,0.0183782040947928,114,116
beatemeinl,1,NEOS,0.00467515718200871,29,29
iwd,1,NEOS,0.00032242463324198,2,2
ncirs,1,NEOS,0.00032242463324198,2,2
europa,0.397552237999751,NEOS,0.00241818474931485,15,37
juedische,1,NEOS,0.00016121231662099,1,1
tt,0.355140779742048,NEOS,0.00644849266483959,40,89
add,0.596516887987812,FPÖ,0.00161401890707863,7,20
awblog,0.685143084866299,SPÖ,0.00221992008287702,15,29
carbontaxnow,1,NEOS,0.00032242463324198,2,2
diakonie,1,NEOS,0.00016121231662099,1,1
diesubstanz,0.6388233136012,NEOS,0.00451394486538772,28,53
wikipedia,0.443577096338896,GRÜNE,0.00375,27,51
epicenter,0.768596582854585,NEOS,0.00016121231662099,1,2
europeelects,1,NEOS,0.00016121231662099,1,1
wordpress,0.51594354276333,SPÖ,0.00562379754328844,38,76
futurezone,0.3305795898798,GRÜNE,0.00152777777777778,11,25
podigee,1,NEOS,0.00016121231662099,1,1
bild,0.317108375849438,FPÖ,0.00161401890707863,7,20
tagesspiegel,0.551789845459212,FPÖ,0.00138344477749596,6,16
ssrn,1,NEOS,0.00016121231662099,1,1
plus-iuris,1,NEOS,0.00016121231662099,1,1
politico,0.627553257497587,NEOS,0.00048363694986297,3,6
bmi,0.38788011966627,ÖVP,0.0015420200462606,4,18
boku,1,NEOS,0.00016121231662099,1,1
addendum,0.676198325078127,NEOS,0.00274060938255683,17,29
agenda-austria,0.838236061127627,NEOS,0.000806061583104949,5,6
derbrutkasten,1,NEOS,0.00016121231662099,1,1
dossier,0.627968957844207,GRÜNE,0.00111111111111111,8,16
admin,1,NEOS,0.00016121231662099,1,1
finanz,1,NEOS,0.00016121231662099,1,1
furche,0.479761306863387,ÖVP,0.00038550501156515,1,5
haz,1,NEOS,0.00016121231662099,1,1
ihs,0.768596582854585,NEOS,0.00016121231662099,1,2
instagram,0.439371944233247,ÖVP,0.0424055512721665,110,454
nachrichten,0.287761406580523,GRÜNE,0.0136111111111111,98,228
nytimes,0.271762091656826,GRÜNE,0.00222222222222222,16,39
nzz,0.491741359785188,NEOS,0.00386909559890376,24,51
presseportal,0.794259962049336,FPÖ,0.000230574129582661,1,2
sst,1,NEOS,0.00016121231662099,1,1
sueddeutsche,0.342333537460889,SPÖ,0.00399585614917863,27,81
theguardian,0.601326805361022,GRÜNE,0.00361111111111111,26,40
unzensuriert,0.977559950957025,FPÖ,0.012912151256629,56,59
verlagoesterreich,1,NEOS,0.00016121231662099,1,1
vol,0.670783969546569,NEOS,0.00386909559890376,24,34
zeit,0.190273696551438,FPÖ,0.00391976020290523,17,73
aldeparty,1,NEOS,0.00032242463324198,2,2
mut,1,GRÜNE,0.000277777777777778,2,2
iffi,1,GRÜNE,0.000138888888888889,1,1
tagesschau,0.322787120773799,GRÜNE,0.00138888888888889,10,20
wirtschaft,0.867571982846641,ÖVP,0.00038550501156515,1,2
openpetition,0.819880577917578,SPÖ,0.00147994672191801,10,16
stopptdierechten,0.933943742087011,GRÜNE,0.000972222222222222,7,8
wannundwo,1,GRÜNE,0.000138888888888889,1,1
respekt,0.586664251683992,ÖVP,0.00038550501156515,1,4
thedailyfranz,1,FPÖ,0.00345861194373991,15,15
fj,1,FPÖ,0.000230574129582661,1,1
ef-magazin,1,FPÖ,0.000461148259165322,2,2
focus,0.865252431866889,FPÖ,0.00461148259165322,20,27
independent,0.670310655863775,GRÜNE,0.000972222222222222,7,10
handelsblatt,0.661288034361299,FPÖ,0.00207516716624395,9,20
euractiv,0.595957085518472,GRÜNE,0.000416666666666667,3,6
buff,0.727294669419257,FPÖ,0.000691722388747983,3,5
fpoe,0.99274397217207,FPÖ,0.0290523403274153,126,128
achgut,0.821066094562258,FPÖ,0.000691722388747983,3,4
storify,1,FPÖ,0.000230574129582661,1,1
ortneronline,0.943116835423115,FPÖ,0.0011528706479133,5,6
jungefreiheit,1,FPÖ,0.0011528706479133,5,5
n-tv,0.497123025936062,FPÖ,0.00161401890707863,7,15
sky,1,FPÖ,0.000230574129582661,1,1
deutsche-wirtschafts-nachrichten,0.943116835423115,FPÖ,0.0011528706479133,5,6
diekolumnisten,1,FPÖ,0.000230574129582661,1,1
efganidoenmez,0.954382901739697,FPÖ,0.00138344477749596,6,7
unsertirol24,1,FPÖ,0.000461148259165322,2,2
fpoe-wien,0.916393569032656,FPÖ,0.000691722388747983,3,4
suedtiroler-freiheit,1,FPÖ,0.00138344477749596,6,6
austrianwings,1,FPÖ,0.000922296518330643,4,4
goo,0.916393569032656,FPÖ,0.000691722388747983,3,4
orf-watch,1,FPÖ,0.00138344477749596,6,6
andreas-unterberger,0.891035626350435,FPÖ,0.00138344477749596,6,7
juedischerundschau,1,FPÖ,0.000230574129582661,1,1
faz,0.633755254050128,FPÖ,0.00553377910998386,24,45
jpost,0.663328851596718,ÖVP,0.00038550501156515,1,3
twibbon,1,FPÖ,0.000230574129582661,1,1
allesroger,1,FPÖ,0.0011528706479133,5,5
bildarchivaustria,1,FPÖ,0.000461148259165322,2,2
cicero,0.81286971576973,ÖVP,0.000771010023130301,2,4
dailymail,0.872640235669572,ÖVP,0.00269853508095605,7,11
die-tagespost,1,FPÖ,0.000461148259165322,2,2
epochtimes,1,FPÖ,0.00138344477749596,6,6
erstaunlich,1,FPÖ,0.00484205672123588,21,21
fpoe-bildungsinstitut,1,FPÖ,0.000922296518330643,4,4
grenzensetzen,0.81286971576973,ÖVP,0.00038550501156515,1,2
haaretz,0.81286971576973,ÖVP,0.000771010023130301,2,4
labournetaustria,1,FPÖ,0.000691722388747983,3,3
markus-abwerzger,1,FPÖ,0.000230574129582661,1,1
mdr,1,FPÖ,0.0011528706479133,5,5
mittelbayerische,1,FPÖ,0.000230574129582661,1,1
rettetdiekarlskirche,1,FPÖ,0.000230574129582661,1,1
salzburg,0.305515837783808,NEOS,0.000644849266483959,4,10
xn--sterreich-z7a,0.878522211640805,FPÖ,0.000461148259165322,2,3
bp-wahl,1,FPÖ,0.000691722388747983,3,3
rt,1,FPÖ,0.00184459303666129,8,8
bazonline,1,FPÖ,0.0011528706479133,5,5
twimg,1,FPÖ,0.000461148259165322,2,2
sputniknews,1,FPÖ,0.00138344477749596,6,6
vimeo,0.587227466808391,ÖVP,0.00269853508095605,7,17
falter,0.447565971022272,GRÜNE,0.00388888888888889,28,66
fischundfleisch,0.837322208784433,FPÖ,0.00138344477749596,6,9
fob,0.721509731165217,FPÖ,0.00138344477749596,6,10
fpoe-parlamentsklub,1,FPÖ,0.000691722388747983,3,3
sozialministerium,0.655127136608629,GRÜNE,0.00111111111111111,8,12
zoom,0.794259962049336,FPÖ,0.000230574129582661,1,2
christophzarits,1,ÖVP,0.000771010023130301,2,2
oesterreich,0.726359890560309,ÖVP,0.0015420200462606,4,8
willkommen-oesterreich,1,ÖVP,0.000771010023130301,2,2
oeaab,0.867571982846641,ÖVP,0.00038550501156515,1,2
news,0.33772681815301,NEOS,0.00225697243269386,14,39
aljazeera,0.768596582854585,NEOS,0.00016121231662099,1,2
huffpost,0.587045765724799,GRÜNE,0.000277777777777778,2,4
karindoppelbauer,1,NEOS,0.000806061583104949,5,5
dorftv,0.760686728395062,NEOS,0.00016121231662099,1,2
volksblatt,0.989759502266016,ÖVP,0.00771010023130301,20,21
entwicklung-landwirtschaft,1,NEOS,0.00016121231662099,1,1
vienna,0.405836259384742,FPÖ,0.0011528706479133,5,14
wko,0.704987063086203,ÖVP,0.00115651503469545,3,9
bizz-energy,1,GRÜNE,0.000277777777777778,2,2
energieblog,1,GRÜNE,0.000138888888888889,1,1
kickstarter,0.888447289860807,NEOS,0.00048363694986297,3,4
oekonews,0.963368845202845,GRÜNE,0.00291666666666667,21,22
avaaz,0.466909286550985,SPÖ,0.000887968033150807,6,13
datefix,1,GRÜNE,0.000138888888888889,1,1
info4alle,1,GRÜNE,0.000138888888888889,1,1
jobundcorona,0.777905733322366,GRÜNE,0.000555555555555556,4,7
informationsfreiheit,1,GRÜNE,0.000277777777777778,2,2
umweltinstitut,1,GRÜNE,0.000277777777777778,2,2
eurosolar,1,GRÜNE,0.000138888888888889,1,1
bmk,0.964988617466135,FPÖ,0.00184459303666129,8,9
noen,0.56566141986731,SPÖ,0.00251590942726062,17,33
oekostrom,1,GRÜNE,0.000138888888888889,1,1
t,1,GRÜNE,0.000138888888888889,1,1
taz,0.751148716436491,GRÜNE,0.00180555555555556,13,18
vcoe,1,GRÜNE,0.000138888888888889,1,1
bgld,1,GRÜNE,0.000138888888888889,1,1
atomstopp,1,GRÜNE,0.000138888888888889,1,1
bloomberg,0.390268527401116,GRÜNE,0.000277777777777778,2,5
ecosia,1,GRÜNE,0.000138888888888889,1,1
finanzen,0.840312898804179,SPÖ,0.000295989344383602,2,3
heise,0.757935086336605,SPÖ,0.000443984016575403,3,6
hz,1,GRÜNE,0.000138888888888889,1,1
konsument,1,GRÜNE,0.000138888888888889,1,1
lebenswertes-waldviertel,1,GRÜNE,0.000138888888888889,1,1
moment,0.880858341855627,SPÖ,0.000887968033150807,6,8
regenwald,1,GRÜNE,0.000138888888888889,1,1
stopp-corona,1,GRÜNE,0.000277777777777778,2,2
sonntagsblatt,1,GRÜNE,0.000138888888888889,1,1
t-online,0.773214060728235,GRÜNE,0.000277777777777778,2,3
trendingtopics,0.768596582854585,NEOS,0.00016121231662099,1,2
tz,1,GRÜNE,0.000138888888888889,1,1
umweltverbaende,1,GRÜNE,0.000138888888888889,1,1
waldviertel,1,GRÜNE,0.000138888888888889,1,1
zfk,1,GRÜNE,0.000138888888888889,1,1
balkanale,1,SPÖ,0.000147994672191801,1,1
ballesterer,1,SPÖ,0.000443984016575403,3,3
idlo,1,SPÖ,0.000147994672191801,1,1
onb,1,SPÖ,0.000147994672191801,1,1
bit,0.582236055753161,FPÖ,0.00184459303666129,8,18
wien,0.648384370668925,GRÜNE,0.00138888888888889,10,19
unsereoebb,1,SPÖ,0.000147994672191801,1,1
uefa,0.861298256870923,ÖVP,0.00038550501156515,1,2
ega,1,SPÖ,0.000295989344383602,2,2
arbeiterkammer,0.619259435374319,GRÜNE,0.00111111111111111,8,18
europa-journal,1,SPÖ,0.000739973360959006,5,5
shr,1,SPÖ,0.000147994672191801,1,1
statistik,0.685068015932747,GRÜNE,0.000416666666666667,3,5
vhs,1,SPÖ,0.000739973360959006,5,5
calameo,1,SPÖ,0.000147994672191801,1,1
guertelnightwalk,1,SPÖ,0.000443984016575403,3,3
integrationsgipfel,1,SPÖ,0.000147994672191801,1,1
ish,1,SPÖ,0.000147994672191801,1,1
univie,0.646162952676423,GRÜNE,0.000416666666666667,3,6
graz,0.993237395067522,ÖVP,0.0107941403238242,28,29
mosaik-blog,0.840312898804178,SPÖ,0.000887968033150807,6,9
com2000,1,SPÖ,0.000295989344383602,2,2
scoop,1,SPÖ,0.000295989344383602,2,2
skrapid,1,SPÖ,0.00177593606630161,12,12
flickr,0.904983547543381,SPÖ,0.000591978688767204,4,5
tinyurl,0.760686728395062,NEOS,0.00016121231662099,1,2
wienweltoffen,1,SPÖ,0.000147994672191801,1,1
asv-wien,1,SPÖ,0.000147994672191801,1,1
club2x11,1,SPÖ,0.000147994672191801,1,1
das-buendnis,0.757935086336605,SPÖ,0.000147994672191801,1,2
der-postillon,0.710720772248532,GRÜNE,0.000833333333333333,6,11
europeonline-magazine,1,SPÖ,0.000147994672191801,1,1
evang-akademie,1,SPÖ,0.000147994672191801,1,1
faszination-fankurve,1,SPÖ,0.000147994672191801,1,1
gbstern,1,SPÖ,0.000591978688767204,4,4
integrationsfonds,0.757935086336605,SPÖ,0.000147994672191801,1,2
jetztzeichensetzen,1,SPÖ,0.000147994672191801,1,1
kardinal-koenig-haus,1,SPÖ,0.000147994672191801,1,1
marca,1,SPÖ,0.000147994672191801,1,1
meineabgeordneten,0.524909208991834,NEOS,0.00016121231662099,1,3
mychilddocumentary,1,SPÖ,0.000147994672191801,1,1
neue,0.840312898804179,SPÖ,0.000295989344383602,2,3
oeh,0.760686728395062,NEOS,0.00016121231662099,1,2
puls4,0.223252613140265,FPÖ,0.00161401890707863,7,27
renner-institut,1,SPÖ,0.000591978688767204,4,4
rtvusk,1,SPÖ,0.000147994672191801,1,1
sohoinottakring,1,SPÖ,0.000147994672191801,1,1
dieneuespoe-tirol,1,SPÖ,0.000147994672191801,1,1
spw,1,SPÖ,0.000147994672191801,1,1
startwien,1,SPÖ,0.000147994672191801,1,1
suhrkamp,1,SPÖ,0.000147994672191801,1,1
thai-spa,1,SPÖ,0.000147994672191801,1,1
ultrasrapid,1,SPÖ,0.000147994672191801,1,1
urbanbloom,1,SPÖ,0.000147994672191801,1,1
volkskundemuseum,1,SPÖ,0.000147994672191801,1,1
w24,0.840312898804179,SPÖ,0.000295989344383602,2,3
wiener-viktoria,1,SPÖ,0.000147994672191801,1,1
wienmuseum,1,SPÖ,0.000443984016575403,3,3
wirsindnurten,1,SPÖ,0.000295989344383602,2,2
yenivatan,1,SPÖ,0.000147994672191801,1,1
zukunftsprogramm,1,SPÖ,0.000443984016575403,3,3
20min,1,SPÖ,0.000147994672191801,1,1
balkanstories,0.757935086336605,SPÖ,0.000147994672191801,1,2
datum,0.478809614612003,GRÜNE,0.000416666666666667,3,6
bsa,1,SPÖ,0.000591978688767204,4,4
aufstehn,0.65514364211556,SPÖ,0.00295989344383602,20,36
soundcloud,0.840312898804179,SPÖ,0.000295989344383602,2,3
sportintegration,1,SPÖ,0.000147994672191801,1,1
vice,0.482465956491554,GRÜNE,0.00138888888888889,10,22
wienerbezirksblatt,1,SPÖ,0.000147994672191801,1,1
wienergastrogutschein,1,SPÖ,0.000147994672191801,1,1
wirsindwien,1,SPÖ,0.000147994672191801,1,1
ams,0.826204499372405,GRÜNE,0.000277777777777778,2,3
bmbf,1,SPÖ,0.000147994672191801,1,1
fan-tastic-females,1,SPÖ,0.000147994672191801,1,1
festderfreude,1,SPÖ,0.000147994672191801,1,1
freitag,0.556150507243904,ÖVP,0.00038550501156515,1,5
irishtimes,0.760686728395062,NEOS,0.00016121231662099,1,2
kosmo,0.757935086336605,SPÖ,0.000147994672191801,1,2
oeaw,1,SPÖ,0.000147994672191801,1,1
trend,0.418584697418192,SPÖ,0.00147994672191801,10,23
unhcr,0.631775663548757,SPÖ,0.000591978688767204,4,8
uni-salzburg,1,SPÖ,0.000147994672191801,1,1
updatemi,1,SPÖ,0.000147994672191801,1,1
volkstheater,1,SPÖ,0.000295989344383602,2,2
werdedigital,1,SPÖ,0.000295989344383602,2,2
kommunalbedarf,1,NEOS,0.00016121231662099,1,1
langenscheidt,1,NEOS,0.00016121231662099,1,1
stadtwachelinz,1,NEOS,0.00016121231662099,1,1
z,0.610550659039933,GRÜNE,0.000277777777777778,2,4
abs48,1,NEOS,0.00016121231662099,1,1
focustaiwan,1,NEOS,0.00016121231662099,1,1
gerald-loacker,1,NEOS,0.00209576011607287,13,13
thefa,1,NEOS,0.00016121231662099,1,1
abothek,1,NEOS,0.00016121231662099,1,1
forschungsnetzwerk,1,NEOS,0.00016121231662099,1,1
italia,1,NEOS,0.00016121231662099,1,1
oecd,0.768596582854585,NEOS,0.00016121231662099,1,2
romontsch,1,NEOS,0.00016121231662099,1,1
zdf,0.464645622473564,NEOS,0.000967273899725939,6,14
foreignpolicy,0.849463670339271,NEOS,0.00032242463324198,2,3
infogram,1,NEOS,0.00016121231662099,1,1
springer,1,NEOS,0.00016121231662099,1,1
giphy,0.591687617810027,SPÖ,0.000295989344383602,2,5
nationalgeographic,1,NEOS,0.00016121231662099,1,1
paper,0.768596582854585,NEOS,0.00016121231662099,1,2
prometheusinstitut,1,NEOS,0.00048363694986297,3,3
reuters,0.767301559941395,GRÜNE,0.000555555555555556,4,7
steadyhq,1,NEOS,0.00016121231662099,1,1
a1,1,NEOS,0.00016121231662099,1,1
allgemeine-zeitung,1,NEOS,0.00016121231662099,1,1
chipkarte,1,NEOS,0.00016121231662099,1,1
economiesuisse,1,NEOS,0.00016121231662099,1,1
evn,1,NEOS,0.00016121231662099,1,1
freiersonntag,1,NEOS,0.00016121231662099,1,1
georgsorden,1,NEOS,0.00016121231662099,1,1
idealismprevails,1,NEOS,0.00016121231662099,1,1
linkedin,0.760686728395062,NEOS,0.00032242463324198,2,4
pensionsversicherung,1,NEOS,0.00016121231662099,1,1
portanapoli,1,NEOS,0.00016121231662099,1,1
rechnungshof,0.817591013350585,NEOS,0.00048363694986297,3,5
srf,0.710826595207887,NEOS,0.000644849266483959,4,6
stepstone,1,NEOS,0.00016121231662099,1,1
tagesanzeiger,0.541069039081179,NEOS,0.000644849266483959,4,9
team-andro,1,NEOS,0.00016121231662099,1,1
uni-trier,1,NEOS,0.00016121231662099,1,1
vn,0.482797886589873,NEOS,0.00048363694986297,3,6
wifo,0.586385436283546,FPÖ,0.000230574129582661,1,3
ow,0.997794551504959,ÖVP,0.0520431765612953,135,136
oevp-burgenland,1,ÖVP,0.00038550501156515,1,1
url9,1,ÖVP,0.00038550501156515,1,1
bauernzeitung,1,ÖVP,0.000771010023130301,2,2
bmbwf,1,ÖVP,0.00038550501156515,1,1
cutin,1,ÖVP,0.00038550501156515,1,1
patriots,1,FPÖ,0.000922296518330643,4,4
smartnews,1,FPÖ,0.000230574129582661,1,1
airliners,1,FPÖ,0.000230574129582661,1,1
ebx,0.884895278665247,ÖVP,0.000771010023130301,2,3
expr,1,FPÖ,0.000230574129582661,1,1
pewforum,1,FPÖ,0.000230574129582661,1,1
redpanels,1,FPÖ,0.000230574129582661,1,1
sendika31,1,FPÖ,0.000230574129582661,1,1
archive,1,FPÖ,0.000230574129582661,1,1
express,1,FPÖ,0.000922296518330643,4,4
huffingtonpost,0.777131116292572,ÖVP,0.000771010023130301,2,4
maler-stadler,1,FPÖ,0.000230574129582661,1,1
ran,1,FPÖ,0.000230574129582661,1,1
viemedia,1,FPÖ,0.000922296518330643,4,4
viennaautoshow,1,FPÖ,0.000461148259165322,2,2
clutchpoints,1,FPÖ,0.000230574129582661,1,1
gehoertgebloggt,0.728108623114779,SPÖ,0.000887968033150807,6,9
mic,0.812039525006501,FPÖ,0.000230574129582661,1,2
medium,0.59864641144691,GRÜNE,0.000416666666666667,3,6
philosophia-perennis,1,FPÖ,0.000461148259165322,2,2
yahoo,0.47081083269864,ÖVP,0.00038550501156515,1,4
theoldcontinent,1,FPÖ,0.000230574129582661,1,1
cbssports,1,FPÖ,0.000230574129582661,1,1
contra-magazin,1,FPÖ,0.000230574129582661,1,1
finanzen100,1,FPÖ,0.000230574129582661,1,1
ooeg,1,FPÖ,0.000230574129582661,1,1
salto,1,FPÖ,0.000461148259165322,2,2
sat1nrw,1,FPÖ,0.000230574129582661,1,1
timesofisrael,1,FPÖ,0.000230574129582661,1,1
top-news,1,FPÖ,0.000461148259165322,2,2
verkehrsrundschau,1,FPÖ,0.000230574129582661,1,1
weltwoche,1,FPÖ,0.000230574129582661,1,1
wochenblick,1,FPÖ,0.00184459303666129,8,8
gmx,0.905495511200209,FPÖ,0.000691722388747983,3,4
indiegogo,0.812039525006501,FPÖ,0.000230574129582661,1,2
kathtreff,1,ÖVP,0.00462606013878181,12,12
socialistsanddemocrats,1,ÖVP,0.00038550501156515,1,1
ganzewoche,0.81286971576973,ÖVP,0.00038550501156515,1,2
europeandignitywatch,1,ÖVP,0.00038550501156515,1,1
gudrunkugler,0.994258572301264,ÖVP,0.0138781804163454,36,37
washingtonpost,0.403621538701132,ÖVP,0.0015420200462606,4,15
kath,1,ÖVP,0.0015420200462606,4,4
eggsploitation,1,ÖVP,0.00038550501156515,1,1
sexualerziehung,1,ÖVP,0.000771010023130301,2,2
kathpress,0.985481451630958,ÖVP,0.00771010023130301,20,21
intoleranceagainstchristians,1,ÖVP,0.00346954510408635,9,9
mediaite,1,ÖVP,0.00038550501156515,1,1
kath-kirche-kaernten,1,ÖVP,0.00038550501156515,1,1
aclj,1,ÖVP,0.00038550501156515,1,1
kitolink,1,ÖVP,0.00038550501156515,1,1
frc,1,ÖVP,0.00038550501156515,1,1
washingtontimes,1,ÖVP,0.00038550501156515,1,1
christian,1,ÖVP,0.00038550501156515,1,1
breitbart,1,ÖVP,0.000771010023130301,2,2
elisabethundflo,1,ÖVP,0.00038550501156515,1,1
spiked-online,1,ÖVP,0.000771010023130301,2,2
katrande,1,ÖVP,0.00038550501156515,1,1
christeninnot,1,ÖVP,0.00038550501156515,1,1
imabe,1,ÖVP,0.00038550501156515,1,1
theepochtimes,1,ÖVP,0.00038550501156515,1,1
citizengo,1,ÖVP,0.00346954510408635,9,9
cnn,0.78600415004369,ÖVP,0.00115651503469545,3,7
economist,0.80994501057232,ÖVP,0.00115651503469545,3,6
telegraph,0.66008342437018,ÖVP,0.000771010023130301,2,7
catholicherald,1,ÖVP,0.00038550501156515,1,1
hugedomains,1,ÖVP,0.00038550501156515,1,1
katsus,1,ÖVP,0.000771010023130301,2,2
bbc,0.706719038112436,ÖVP,0.0023130300693909,6,15
theeuropean,0.852563373877458,ÖVP,0.00038550501156515,1,2
mailchi,0.778226671433679,NEOS,0.00048363694986297,3,4
neuevolkspartei,1,ÖVP,0.00038550501156515,1,1
christenverfolgung,1,ÖVP,0.00038550501156515,1,1
binmitdabei,1,ÖVP,0.00038550501156515,1,1
pewresearch,1,ÖVP,0.00115651503469545,3,3
read,1,ÖVP,0.000771010023130301,2,2
rv,1,ÖVP,0.00038550501156515,1,1
usatoday,1,ÖVP,0.00038550501156515,1,1
whygethitched,1,ÖVP,0.00038550501156515,1,1
3ltv,1,ÖVP,0.00038550501156515,1,1
3sat,0.81286971576973,ÖVP,0.00038550501156515,1,2
anderhand,1,ÖVP,0.00038550501156515,1,1
arte,0.763061746437705,ÖVP,0.000771010023130301,2,7
bmfj,1,ÖVP,0.00038550501156515,1,1
bruegel,1,ÖVP,0.00038550501156515,1,1
caritas-wien,1,ÖVP,0.00038550501156515,1,1
cesnur,1,ÖVP,0.00038550501156515,1,1
idea,1,ÖVP,0.00038550501156515,1,1
journalism,1,ÖVP,0.00038550501156515,1,1
kathtube,1,ÖVP,0.00038550501156515,1,1
katsat,1,ÖVP,0.00038550501156515,1,1
katstik,1,ÖVP,0.00038550501156515,1,1
keineeuthanasie,1,ÖVP,0.000771010023130301,2,2
kummer-institut,1,ÖVP,0.00038550501156515,1,1
kunstglaube,1,ÖVP,0.00038550501156515,1,1
lalibre,1,ÖVP,0.00038550501156515,1,1
meinefamilie,1,ÖVP,0.000771010023130301,2,2
metastory,1,ÖVP,0.00038550501156515,1,1
oneofus,1,ÖVP,0.00038550501156515,1,1
parkatt,1,ÖVP,0.00038550501156515,1,1
shipmap,1,ÖVP,0.00038550501156515,1,1
singlzcourting,1,ÖVP,0.00038550501156515,1,1
turtlebayandbeyond,1,ÖVP,0.00038550501156515,1,1
theconversation,1,ÖVP,0.00038550501156515,1,1
haus,1,NEOS,0.00016121231662099,1,1
brandstaetter-tv,1,NEOS,0.00435273254876673,27,27
observador,1,NEOS,0.00016121231662099,1,1
fass,1,NEOS,0.00032242463324198,2,2
apa,0.694687943214051,GRÜNE,0.000555555555555556,4,7
newsletter2go,0.823696707196159,SPÖ,0.000295989344383602,2,3
transatlantic-takes,1,NEOS,0.00016121231662099,1,1
eui,1,NEOS,0.00016121231662099,1,1
michaelbernhard,1,NEOS,0.00338545864904079,21,21
operawire,1,NEOS,0.00016121231662099,1,1
concerti,1,NEOS,0.00016121231662099,1,1
eu2020,1,NEOS,0.00016121231662099,1,1
indonewyork,1,NEOS,0.00016121231662099,1,1
mena-watch,1,NEOS,0.00016121231662099,1,1
pscp,0.614852008326357,FPÖ,0.00230574129582661,10,22
puls24,0.795397693068295,NEOS,0.000967273899725939,6,9
booking,0.794259962049336,FPÖ,0.000230574129582661,1,2
dietiwag,1,NEOS,0.00048363694986297,3,3
hospiz-tirol,1,NEOS,0.00032242463324198,2,2
miteinander,1,NEOS,0.00032242463324198,2,2
yadvashem,1,NEOS,0.00016121231662099,1,1
tiroler-adler-runde,1,NEOS,0.00016121231662099,1,1
saveyourhood,1,NEOS,0.00016121231662099,1,1
9gag,1,NEOS,0.00016121231662099,1,1
dw,0.791523828728911,NEOS,0.00032242463324198,2,3
johannes-margreiter,1,NEOS,0.000644849266483959,4,4
mymonk,1,NEOS,0.00016121231662099,1,1
spotify,1,NEOS,0.00016121231662099,1,1
telebasel,1,NEOS,0.00016121231662099,1,1
treibhaus,0.768596582854585,NEOS,0.00016121231662099,1,2
verfassungsblog,1,NEOS,0.000644849266483959,4,4
blick,1,NEOS,0.00016121231662099,1,1
buzzfeednews,0.768596582854585,NEOS,0.00016121231662099,1,2
caritas,1,NEOS,0.00032242463324198,2,2
dolomitenstadt,1,NEOS,0.00016121231662099,1,1
e-pages,1,NEOS,0.00016121231662099,1,1
geo,1,NEOS,0.00032242463324198,2,2
noe-landtag,1,NEOS,0.00032242463324198,2,2
riccardomuti,1,NEOS,0.00048363694986297,3,3
story,1,NEOS,0.00032242463324198,2,2
thetimes,1,NEOS,0.00016121231662099,1,1
bau-holz,1,SPÖ,0.000295989344383602,2,2
gbh-news,1,SPÖ,0.000443984016575403,3,3
josef-muchitsch,1,SPÖ,0.000295989344383602,2,2
oegb,0.857248598921434,GRÜNE,0.00111111111111111,8,11
frauennetzwerk,1,GRÜNE,0.000277777777777778,2,2
diealternative,1,GRÜNE,0.00180555555555556,13,13
forba,1,GRÜNE,0.000416666666666667,3,3
reflektive,0.947068942702131,GRÜNE,0.00125,9,10
steuermythen,1,GRÜNE,0.000138888888888889,1,1
armutskonferenz,1,GRÜNE,0.000555555555555556,4,4
ausbildung-statt-abschiebung,1,GRÜNE,0.000416666666666667,3,3
beigewum,1,GRÜNE,0.000416666666666667,3,3
birdlife,1,GRÜNE,0.000138888888888889,1,1
christophundlollo,1,GRÜNE,0.000138888888888889,1,1
gig-economy,1,GRÜNE,0.000138888888888889,1,1
oecd-ilibrary,1,GRÜNE,0.000138888888888889,1,1
markuskoza,1,GRÜNE,0.000138888888888889,1,1
oecdbetterlifeindex,1,GRÜNE,0.000138888888888889,1,1
pesterlloyd,1,GRÜNE,0.000416666666666667,3,3
wissenschaftsbuch,1,GRÜNE,0.000138888888888889,1,1
sosmitmensch,0.799918807177941,GRÜNE,0.000833333333333333,6,8
arbeiterkammerwahl2019,1,GRÜNE,0.000416666666666667,3,3
auge,1,GRÜNE,0.000277777777777778,2,2
stuttgarter-nachrichten,1,GRÜNE,0.000138888888888889,1,1
ccca,1,GRÜNE,0.000416666666666667,3,3
evang,1,GRÜNE,0.000138888888888889,1,1
arbeitsinspektion,1,GRÜNE,0.000138888888888889,1,1
boeckler,1,GRÜNE,0.000555555555555556,4,4
daserste,1,GRÜNE,0.000277777777777778,2,2
deutschlandfunk,0.390268527401116,GRÜNE,0.000277777777777778,2,5
dgb,0.773214060728235,GRÜNE,0.000277777777777778,2,3
diw,1,GRÜNE,0.000138888888888889,1,1
emagnetix,1,GRÜNE,0.000138888888888889,1,1
evang-wien,1,GRÜNE,0.000138888888888889,1,1
global2000,0.812039525006501,FPÖ,0.000230574129582661,1,2
gpa-djp,1,GRÜNE,0.000138888888888889,1,1
hfcs,1,GRÜNE,0.000277777777777778,2,2
mimikama,1,GRÜNE,0.000416666666666667,3,3
oeliug,1,GRÜNE,0.000138888888888889,1,1
onvista,1,GRÜNE,0.000138888888888889,1,1
bka,0.683235636117992,FPÖ,0.0011528706479133,5,10
robert-habeck,1,GRÜNE,0.000277777777777778,2,2
startnext,0.826204499372405,GRÜNE,0.000277777777777778,2,3
ugoed,1,GRÜNE,0.000277777777777778,2,2
vrt,1,GRÜNE,0.000138888888888889,1,1
wu,0.849463670339271,NEOS,0.00032242463324198,2,3
zurueckzudengruenen,1,GRÜNE,0.00430555555555556,31,31
wienenergie,0.757935086336605,SPÖ,0.000147994672191801,1,2
attac,1,SPÖ,0.000295989344383602,2,2
atv,0.765937582825296,FPÖ,0.000922296518330643,4,6
schnedlitz,1,FPÖ,0.00345861194373991,15,15
mailchimp,1,FPÖ,0.000461148259165322,2,2
fpoewn,1,FPÖ,0.000230574129582661,1,1
jusline,0.916393569032656,FPÖ,0.000691722388747983,3,4
elpais,1,FPÖ,0.000230574129582661,1,1
wntv,1,FPÖ,0.000461148259165322,2,2
nymag,1,FPÖ,0.000230574129582661,1,1
wsj,0.773214060728235,GRÜNE,0.000277777777777778,2,3
thesun,1,FPÖ,0.000230574129582661,1,1
trumpdonald,1,FPÖ,0.000230574129582661,1,1
nowkr,1,FPÖ,0.000230574129582661,1,1
servustv,0.874703877043971,FPÖ,0.0011528706479133,5,6
wn24,1,FPÖ,0.000691722388747983,3,3
ndr,0.821879174706843,GRÜNE,0.000416666666666667,3,4
auch,1,NEOS,0.00016121231662099,1,1
strategieanalysen,0.760686728395062,NEOS,0.00016121231662099,1,2
lmgtfy,1,NEOS,0.00032242463324198,2,2
nikischerak,1,NEOS,0.000967273899725939,6,6
johnsonweld,1,NEOS,0.00016121231662099,1,1
aufbegehren,1,NEOS,0.00032242463324198,2,2
boerse-social,1,NEOS,0.00016121231662099,1,1
junos,1,NEOS,0.00257939706593584,16,16
miss,1,NEOS,0.00016121231662099,1,1
treffpunkteuropa,1,NEOS,0.00016121231662099,1,1
jedestimme,1,NEOS,0.00016121231662099,1,1
neuwal,0.737242477868555,NEOS,0.000806061583104949,5,8
streaming,1,ÖVP,0.00038550501156515,1,1
ted,1,ÖVP,0.00038550501156515,1,1
fb,0.583727700235046,FPÖ,0.00322803781415725,14,27
heftig,1,ÖVP,0.00038550501156515,1,1
imsueden,1,ÖVP,0.00038550501156515,1,1
morgenpost,0.867571982846641,ÖVP,0.00038550501156515,1,2
stern,0.272429046341644,ÖVP,0.00038550501156515,1,6
ofa,1,ÖVP,0.00038550501156515,1,1
meinklub,1,ÖVP,0.0030840400925212,8,8
themindunleashed,1,ÖVP,0.00038550501156515,1,1
barfuss,1,ÖVP,0.00038550501156515,1,1
campinganderwald,1,ÖVP,0.00038550501156515,1,1
linz,0.663328851596718,ÖVP,0.00038550501156515,1,3
stadtmarketing,1,ÖVP,0.00038550501156515,1,1
vi2day,1,ÖVP,0.00192752505782575,5,5
vox,1,ÖVP,0.00038550501156515,1,1
5min,0.81286971576973,ÖVP,0.000771010023130301,2,4
dasmagazin,1,ÖVP,0.00038550501156515,1,1
change,0.658340517114422,SPÖ,0.00118395737753441,8,13
stopfgm,1,SPÖ,0.000443984016575403,3,3
website-pace,1,SPÖ,0.000147994672191801,1,1
medienwerkstatt-online,1,SPÖ,0.000147994672191801,1,1
wiener-bildungsakademie,1,SPÖ,0.00147994672191801,10,10
epfweb,1,SPÖ,0.000147994672191801,1,1
pgaction,1,SPÖ,0.000147994672191801,1,1
weforum,0.804533982332793,FPÖ,0.000230574129582661,1,2
alm,1,FPÖ,0.000230574129582661,1,1
beschimpft,1,FPÖ,0.000230574129582661,1,1
pwclegal,1,FPÖ,0.000230574129582661,1,1
ecfr,0.812039525006501,FPÖ,0.000230574129582661,1,2
fpoe-linz,1,FPÖ,0.000691722388747983,3,3
faktistfakt,1,FPÖ,0.000461148259165322,2,2
jessi-lintl,1,FPÖ,0.000230574129582661,1,1
agrocon,1,FPÖ,0.000230574129582661,1,1
meinparlament,1,FPÖ,0.000230574129582661,1,1
10000flies,1,FPÖ,0.000230574129582661,1,1
businessinsider,0.773214060728235,GRÜNE,0.000277777777777778,2,3
bz-berlin,1,FPÖ,0.000461148259165322,2,2
jilnik,1,FPÖ,0.000230574129582661,1,1
lassalle-kreis,1,FPÖ,0.000230574129582661,1,1
medias-presse,1,FPÖ,0.000230574129582661,1,1
swr,0.794259962049336,FPÖ,0.000230574129582661,1,2
pwc,1,FPÖ,0.000230574129582661,1,1
pagesix,1,FPÖ,0.000230574129582661,1,1
iv,0.773214060728235,GRÜNE,0.000277777777777778,2,3
br,0.703252712171059,FPÖ,0.000461148259165322,2,4
dgepi,1,FPÖ,0.000230574129582661,1,1
internist-hietzing,1,FPÖ,0.000230574129582661,1,1
nwzonline,1,FPÖ,0.000230574129582661,1,1
pferderevue,1,FPÖ,0.000230574129582661,1,1
pressreader,0.812039525006501,FPÖ,0.000230574129582661,1,2
roteskreuz,0.812039525006501,FPÖ,0.000230574129582661,1,2
tagesstimme,1,FPÖ,0.000691722388747983,3,3
tichyseinblick,1,FPÖ,0.000461148259165322,2,2
salzburg24,0.88426642472114,FPÖ,0.000461148259165322,2,3
brandaktuell,0.878522211640805,FPÖ,0.000461148259165322,2,3
100,1,ÖVP,0.00038550501156515,1,1
initiative,1,ÖVP,0.00038550501156515,1,1
aktuell,1,ÖVP,0.00038550501156515,1,1
lopatka,1,ÖVP,0.0289128758673863,75,75
day,1,ÖVP,0.00038550501156515,1,1
dokumentiert,1,ÖVP,0.00038550501156515,1,1
fairelebensmittel,1,ÖVP,0.00038550501156515,1,1
franzhuainigg,1,ÖVP,0.00038550501156515,1,1
gelernt,1,ÖVP,0.00038550501156515,1,1
gemacht,1,ÖVP,0.00038550501156515,1,1
kandidiert,1,ÖVP,0.00038550501156515,1,1
low-key,1,ÖVP,0.00038550501156515,1,1
raising,1,ÖVP,0.00038550501156515,1,1
thndr,0.92367894551018,ÖVP,0.000771010023130301,2,3
tiny,1,ÖVP,0.000771010023130301,2,2
weeks,1,ÖVP,0.00038550501156515,1,1
appear,1,ÖVP,0.00038550501156515,1,1
kanzlerwechsel,1,ÖVP,0.00038550501156515,1,1
oevpklub,1,ÖVP,0.000771010023130301,2,2
simone-schmiedtbauer,1,ÖVP,0.00038550501156515,1,1
r-lopatka,1,ÖVP,0.00038550501156515,1,1
xn--mchte-jua.er,1,ÖVP,0.00038550501156515,1,1
vine,1,ÖVP,0.00038550501156515,1,1
france24,1,ÖVP,0.00038550501156515,1,1
vizekanzleramt,1,SPÖ,0.000147994672191801,1,1
watchlist-internet,1,SPÖ,0.000147994672191801,1,1
11freunde,1,SPÖ,0.000295989344383602,2,2
fr,0.792333650601367,GRÜNE,0.000416666666666667,3,5
wienerin,0.753951357263515,SPÖ,0.000591978688767204,4,6
meinfussball,1,SPÖ,0.000147994672191801,1,1
gob,1,SPÖ,0.000147994672191801,1,1
news-for-friends,1,SPÖ,0.000147994672191801,1,1
uniglobalunion,1,SPÖ,0.000147994672191801,1,1
anders-handeln,1,SPÖ,0.000147994672191801,1,1
cinema-paradiso,0.757935086336605,SPÖ,0.000147994672191801,1,2
ethikfueralle,1,SPÖ,0.000147994672191801,1,1
fanchants,1,SPÖ,0.000147994672191801,1,1
gemeinwohlakademie,1,SPÖ,0.000147994672191801,1,1
klimavolksbegehren,0.524909208991834,NEOS,0.00016121231662099,1,3
pro-grundeinkommen,1,SPÖ,0.000147994672191801,1,1
robertlaimer,1,SPÖ,0.00458783483794583,31,31
spox,1,SPÖ,0.000147994672191801,1,1
tierschutzvolksbegehren,0.760686728395062,NEOS,0.00016121231662099,1,2
unsereverfassung,1,SPÖ,0.000147994672191801,1,1
wienerhelfenwienern,1,SPÖ,0.000147994672191801,1,1
ze,0.757935086336605,SPÖ,0.000147994672191801,1,2
abseits,1,SPÖ,0.000443984016575403,3,3
brucki,1,SPÖ,0.000147994672191801,1,1
danielakickl,1,SPÖ,0.000147994672191801,1,1
research,1,SPÖ,0.000147994672191801,1,1
tawa-news,1,SPÖ,0.000147994672191801,1,1
dropbox,1,SPÖ,0.000147994672191801,1,1
blaetter,1,SPÖ,0.000295989344383602,2,2
republik,0.86680990301979,SPÖ,0.000443984016575403,3,4
cubaheute,1,SPÖ,0.000147994672191801,1,1
kompetenz-online,1,SPÖ,0.000147994672191801,1,1
netzfrauen,1,SPÖ,0.000147994672191801,1,1
kaiser-peter,1,SPÖ,0.000147994672191801,1,1
pnp,0.757935086336605,SPÖ,0.000147994672191801,1,2
ucvis,1,SPÖ,0.000147994672191801,1,1
simplecast,1,SPÖ,0.000147994672191801,1,1
threadreaderapp,0.840312898804179,SPÖ,0.000295989344383602,2,3
abendblatt,1,SPÖ,0.000295989344383602,2,2
amnesty,0.524909208991834,NEOS,0.00016121231662099,1,3
arbeit-wirtschaft,1,SPÖ,0.000591978688767204,4,4
aufwiderstand,1,SPÖ,0.000147994672191801,1,1
bizeps,0.852100297442331,FPÖ,0.00184459303666129,8,12
dasbiber,0.610550659039933,GRÜNE,0.000277777777777778,2,4
derwesten,1,SPÖ,0.000147994672191801,1,1
falstaff,1,SPÖ,0.000147994672191801,1,1
feinschwarz,1,SPÖ,0.000147994672191801,1,1
finanzmag,1,SPÖ,0.000147994672191801,1,1
horizont,0.757935086336605,SPÖ,0.000147994672191801,1,2
horizonworld,1,SPÖ,0.000147994672191801,1,1
ipg-journal,1,SPÖ,0.000147994672191801,1,1
jungewelt,1,SPÖ,0.000295989344383602,2,2
laola1,0.524909208991834,NEOS,0.00016121231662099,1,3
liverpoolfc,1,SPÖ,0.000443984016575403,3,3
luzernerzeitung,0.826204499372405,GRÜNE,0.000277777777777778,2,3
matthes-seitz-berlin,1,SPÖ,0.000147994672191801,1,1
nachdenkseiten,1,SPÖ,0.000147994672191801,1,1
pressenza,0.757935086336605,SPÖ,0.000147994672191801,1,2
proge,1,SPÖ,0.000147994672191801,1,1
riddle,1,SPÖ,0.000147994672191801,1,1
schwaebische,0.804533982332793,FPÖ,0.000230574129582661,1,2
smarticular,1,SPÖ,0.000147994672191801,1,1
sommertage,1,SPÖ,0.000147994672191801,1,1
st-poelten,1,SPÖ,0.00118395737753441,8,8
unsere-zeitung,1,SPÖ,0.000443984016575403,3,3
vorwaerts,1,SPÖ,0.000591978688767204,4,4
weidenholzer,1,SPÖ,0.000443984016575403,3,3
wiwo,0.757935086336605,SPÖ,0.000147994672191801,1,2
pro,1,SPÖ,0.000147994672191801,1,1
dr,0.840312898804179,SPÖ,0.000295989344383602,2,3
bgld-landtag,1,SPÖ,0.000147994672191801,1,1
linz-gegen-rechts,1,SPÖ,0.000147994672191801,1,1
fsg,1,SPÖ,0.000147994672191801,1,1
shorturl,1,SPÖ,0.000739973360959006,5,5
bewusstseinsregion,1,SPÖ,0.000147994672191801,1,1
dasrotewien,1,SPÖ,0.000147994672191801,1,1
erinnern,1,SPÖ,0.000147994672191801,1,1
goldeggerdeserteure,1,SPÖ,0.000147994672191801,1,1
sabineschatz,1,SPÖ,0.00473582951013764,32,32
thomasrammerstorfer,0.757935086336605,SPÖ,0.000147994672191801,1,2
statista,0.757935086336605,SPÖ,0.000147994672191801,1,2
fireredfriederike,0.757935086336605,SPÖ,0.000147994672191801,1,2
spooe,0.880858341855627,SPÖ,0.000443984016575403,3,4
chicklit,1,SPÖ,0.000147994672191801,1,1
filmladen,1,SPÖ,0.000147994672191801,1,1
frf,1,SPÖ,0.000147994672191801,1,1
getrevue,1,SPÖ,0.000147994672191801,1,1
polizei,0.826204499372405,GRÜNE,0.000277777777777778,2,3
prosieben,0.804533982332793,FPÖ,0.000230574129582661,1,2
albertsteinhauser,1,GRÜNE,0.000138888888888889,1,1
thinkprogress,1,GRÜNE,0.000138888888888889,1,1
twoday,1,GRÜNE,0.000138888888888889,1,1
cubenect,1,GRÜNE,0.000138888888888889,1,1
rettet-die-blumenwiesen,1,GRÜNE,0.000138888888888889,1,1
ideenkanal,1,GRÜNE,0.000138888888888889,1,1
stopthecrop,1,GRÜNE,0.000138888888888889,1,1
garmin,0.790603810138844,ÖVP,0.00038550501156515,1,3
willhaben,0.822748021485898,GRÜNE,0.00138888888888889,10,12
ooe,1,GRÜNE,0.000138888888888889,1,1
nblo,1,GRÜNE,0.000138888888888889,1,1
ost,1,GRÜNE,0.000138888888888889,1,1
uapod,1,GRÜNE,0.000138888888888889,1,1
wat,0.759711653984782,GRÜNE,0.000416666666666667,3,4
wp,1,GRÜNE,0.00458333333333333,33,33
schmetterlingssammlung,0.757935086336605,SPÖ,0.000147994672191801,1,2
braunaumobil,1,GRÜNE,0.000277777777777778,2,2
cortolezis,1,GRÜNE,0.000138888888888889,1,1
dagmar-woehrl,1,GRÜNE,0.000138888888888889,1,1
fotokerschi,1,GRÜNE,0.000138888888888889,1,1
genba,1,GRÜNE,0.000138888888888889,1,1
juedische-allgemeine,1,GRÜNE,0.000138888888888889,1,1
jvpnoe,1,GRÜNE,0.000138888888888889,1,1
kinderarbeitstoppen,0.757935086336605,SPÖ,0.000147994672191801,1,2
reimon,0.812039525006501,FPÖ,0.000230574129582661,1,2
stoegi,1,GRÜNE,0.000972222222222222,7,7
xn--stgmller-o4a6d,1,GRÜNE,0.000138888888888889,1,1
zusammen-helfen,1,GRÜNE,0.000138888888888889,1,1
carsharing247,1,GRÜNE,0.000138888888888889,1,1
epaper-oesterreich,1,GRÜNE,0.000138888888888889,1,1
karriere,1,GRÜNE,0.000416666666666667,3,3
semiosis,0.768596582854585,NEOS,0.00016121231662099,1,2
swarmapp,1,GRÜNE,0.000138888888888889,1,1
ad,1,GRÜNE,0.000277777777777778,2,2
frauenvolksbegehren,0.868952713770886,GRÜNE,0.000416666666666667,3,4
igj,1,GRÜNE,0.000138888888888889,1,1
ahvalnews,1,GRÜNE,0.000138888888888889,1,1
globalvoices,1,GRÜNE,0.000138888888888889,1,1
"9090043,40",1,GRÜNE,0.000138888888888889,1,1
steampowered,1,GRÜNE,0.000138888888888889,1,1
perchtoldsdorf,1,GRÜNE,0.000138888888888889,1,1
austriacamp,1,NEOS,0.00016121231662099,1,1
brandrede,1,NEOS,0.0032242463324198,20,20
michael-hafner,1,NEOS,0.000644849266483959,4,4
indiekator,1,NEOS,0.000967273899725939,6,6
artmagazine,1,NEOS,0.00016121231662099,1,1
niittyvirta,1,NEOS,0.00016121231662099,1,1
africaindata,1,NEOS,0.00016121231662099,1,1
africanarguments,1,NEOS,0.00016121231662099,1,1
burgtheater,1,NEOS,0.00032242463324198,2,2
agendaalsergrund,1,NEOS,0.00016121231662099,1,1
ldap,1,NEOS,0.00016121231662099,1,1
donnerstagsmemo,1,NEOS,0.00016121231662099,1,1
globalcitizen,1,NEOS,0.00016121231662099,1,1
suepermarkt,1,NEOS,0.00016121231662099,1,1
thisisafrica,1,NEOS,0.00016121231662099,1,1
ard-wien,0.768596582854585,NEOS,0.00016121231662099,1,2
breakingviews,1,NEOS,0.00016121231662099,1,1
copenhagenhus,1,NEOS,0.00016121231662099,1,1
eduscho,1,NEOS,0.00016121231662099,1,1
familybikes,1,NEOS,0.00016121231662099,1,1
fastcompany,0.768596582854585,NEOS,0.00016121231662099,1,2
ft,0.723711151148894,NEOS,0.00048363694986297,3,5
gjaid,1,NEOS,0.00016121231662099,1,1
globaleverantwortung,1,NEOS,0.00016121231662099,1,1
ichkoche,1,NEOS,0.00032242463324198,2,2
indy100,1,NEOS,0.00016121231662099,1,1
post,1,NEOS,0.00016121231662099,1,1
redenwelt,1,NEOS,0.00016121231662099,1,1
rtr,1,NEOS,0.00016121231662099,1,1
salzkammergut,1,NEOS,0.00016121231662099,1,1
tiptoe,1,NEOS,0.00016121231662099,1,1
vogue,1,NEOS,0.00016121231662099,1,1
wienerlinien,1,NEOS,0.00032242463324198,2,2
ni,1,GRÜNE,0.000138888888888889,1,1
so,1,GRÜNE,0.000138888888888889,1,1
hanauer,1,GRÜNE,0.000277777777777778,2,2
newyorker,1,GRÜNE,0.00208333333333333,15,15
vaticannews,1,GRÜNE,0.000138888888888889,1,1
asylanwalt,1,GRÜNE,0.000138888888888889,1,1
sammeln,1,GRÜNE,0.000138888888888889,1,1
zivilschutzverband,1,GRÜNE,0.000138888888888889,1,1
reddit,0.790603810138844,ÖVP,0.00038550501156515,1,3
imgur,1,GRÜNE,0.000416666666666667,3,3
xkcd,1,GRÜNE,0.000972222222222222,7,7
today,1,GRÜNE,0.000138888888888889,1,1
neal,1,GRÜNE,0.000138888888888889,1,1
nypost,1,GRÜNE,0.000138888888888889,1,1
thenib,1,GRÜNE,0.000138888888888889,1,1
boredpanda,1,GRÜNE,0.000138888888888889,1,1
nasa,1,GRÜNE,0.000277777777777778,2,2
marketwatch,1,GRÜNE,0.000138888888888889,1,1
merkur,1,GRÜNE,0.000138888888888889,1,1
nbcnews,1,GRÜNE,0.000138888888888889,1,1
rechtsanwaelte,1,GRÜNE,0.000138888888888889,1,1
snopes,1,GRÜNE,0.000138888888888889,1,1
viennakidsfarm,1,GRÜNE,0.000138888888888889,1,1
vorderland,1,GRÜNE,0.000138888888888889,1,1
corneliaecker,1,SPÖ,0.0131715258250703,89,89
alpen-donau,1,NEOS,0.00016121231662099,1,1
brandeins,0.679852600905801,ÖVP,0.00038550501156515,1,3
liberale,1,NEOS,0.00016121231662099,1,1
eptwitter,1,NEOS,0.00016121231662099,1,1
liveuamap,1,NEOS,0.00016121231662099,1,1
neustart-schule,1,NEOS,0.00016121231662099,1,1
festplattensteuer,1,NEOS,0.00016121231662099,1,1
flipboard,1,NEOS,0.00016121231662099,1,1
formentera,1,NEOS,0.00016121231662099,1,1
foerderportal,1,NEOS,0.00016121231662099,1,1
rupprecht,1,NEOS,0.00016121231662099,1,1
johanneshuber,1,NEOS,0.00016121231662099,1,1
khol2016,1,NEOS,0.00016121231662099,1,1
wahl,1,NEOS,0.00016121231662099,1,1
politjobs,1,NEOS,0.00016121231662099,1,1
qz,0.760686728395062,NEOS,0.00016121231662099,1,2
ainedter,1,NEOS,0.00016121231662099,1,1
bvb,1,NEOS,0.00016121231662099,1,1
generationengerecht,1,NEOS,0.00048363694986297,3,3
generationengerechtigkeit,1,NEOS,0.00016121231662099,1,1
lymec,1,NEOS,0.00016121231662099,1,1
nein-zu-rb,1,NEOS,0.00016121231662099,1,1
proasyl,0.768596582854585,NEOS,0.00016121231662099,1,2
progress-online,1,NEOS,0.00016121231662099,1,1
staatsschulden,0.794259962049336,FPÖ,0.000230574129582661,1,2
talentebluehen,1,NEOS,0.00016121231662099,1,1
theatlantic,0.768596582854585,NEOS,0.00016121231662099,1,2
vpnoe,1,NEOS,0.00048363694986297,3,3
youth4netneutrality,1,NEOS,0.00016121231662099,1,1
derstandarddigital,1,NEOS,0.00016121231662099,1,1
akamaihd,1,NEOS,0.00016121231662099,1,1
lrh-ktn,1,NEOS,0.00016121231662099,1,1
martinhaunschmid,1,NEOS,0.00032242463324198,2,2
apple,0.888447289860807,NEOS,0.00048363694986297,3,4
sindbad,1,NEOS,0.00016121231662099,1,1
whois,1,NEOS,0.00016121231662099,1,1
ausnahmslos,1,GRÜNE,0.000138888888888889,1,1
inwien,1,GRÜNE,0.000138888888888889,1,1
climate-lab-book,1,GRÜNE,0.000138888888888889,1,1
klimaschutzjetzt,1,GRÜNE,0.000277777777777778,2,2
sagsmulti,1,GRÜNE,0.000416666666666667,3,3
vanderbellen,1,GRÜNE,0.000277777777777778,2,2
welcome-diversity,1,GRÜNE,0.000138888888888889,1,1
christophchorherr,1,GRÜNE,0.000277777777777778,2,2
thehill,1,GRÜNE,0.000277777777777778,2,2
gaystarnews,1,GRÜNE,0.000277777777777778,2,2
volksverpetzer,1,GRÜNE,0.000138888888888889,1,1
ggg,0.816382739977558,GRÜNE,0.00166666666666667,12,18
koglerkomitee,1,GRÜNE,0.000555555555555556,4,4
woman,0.816382739977558,GRÜNE,0.000277777777777778,2,3
justiz,1,GRÜNE,0.000138888888888889,1,1
gab,1,GRÜNE,0.000138888888888889,1,1
nehmen,1,GRÜNE,0.000138888888888889,1,1
verstanden,1,GRÜNE,0.000138888888888889,1,1
wahlcockpit,1,GRÜNE,0.000138888888888889,1,1
anschlaege,1,GRÜNE,0.000277777777777778,2,2
lgbtqnation,1,GRÜNE,0.000416666666666667,3,3
polsatnews,1,GRÜNE,0.000138888888888889,1,1
rklambda,1,GRÜNE,0.000416666666666667,3,3
tokfm,1,GRÜNE,0.000138888888888889,1,1
wina-magazin,1,GRÜNE,0.000138888888888889,1,1
greenpeace,1,GRÜNE,0.000555555555555556,4,4
anfdeutsch,1,GRÜNE,0.000277777777777778,2,2
bilderbucheuropa,1,GRÜNE,0.000138888888888889,1,1
arbeiter-zeitung,0.812039525006501,FPÖ,0.000230574129582661,1,2
noblogs,1,GRÜNE,0.000138888888888889,1,1
tvn,1,GRÜNE,0.000138888888888889,1,1
fpoefails,0.816382739977558,GRÜNE,0.000277777777777778,2,3
gay,1,GRÜNE,0.000138888888888889,1,1
ilmanifesto,1,GRÜNE,0.000138888888888889,1,1
bundeskanzleramt,0.826204499372405,GRÜNE,0.000277777777777778,2,3
saarbruecker-zeitung,1,GRÜNE,0.000138888888888889,1,1
mannschaft,1,GRÜNE,0.000277777777777778,2,2
minorityrights,1,GRÜNE,0.000138888888888889,1,1
nextstrain,1,GRÜNE,0.000138888888888889,1,1
oko,1,GRÜNE,0.000138888888888889,1,1
pen,1,GRÜNE,0.000138888888888889,1,1
projekt360,1,GRÜNE,0.000138888888888889,1,1
queer,0.841462072002642,GRÜNE,0.000694444444444445,5,7
viennapride,1,GRÜNE,0.000138888888888889,1,1
jfw,1,GRÜNE,0.000138888888888889,1,1
leadersnet,0.782459707074068,FPÖ,0.000691722388747983,3,5
loewenherz,1,GRÜNE,0.000138888888888889,1,1
medico,0.757935086336605,SPÖ,0.000147994672191801,1,2
nw,1,GRÜNE,0.000138888888888889,1,1
openlynews,1,GRÜNE,0.000138888888888889,1,1
pinknews,0.816382739977558,GRÜNE,0.000277777777777778,2,3
propublica,1,GRÜNE,0.000138888888888889,1,1
reporter-ohne-grenzen,1,GRÜNE,0.000138888888888889,1,1
rmf24,1,GRÜNE,0.000138888888888889,1,1
sbs,1,GRÜNE,0.000138888888888889,1,1
truppendienst,1,GRÜNE,0.000138888888888889,1,1
viacampesina,1,GRÜNE,0.000138888888888889,1,1
wdr,1,GRÜNE,0.000138888888888889,1,1
voxeurop,1,SPÖ,0.000443984016575403,3,3
birgithebein,1,GRÜNE,0.000138888888888889,1,1
euobserver,1,GRÜNE,0.000138888888888889,1,1
citizenside,1,GRÜNE,0.000138888888888889,1,1
frauenring,0.757935086336605,SPÖ,0.000147994672191801,1,2
asyl-in-not,1,GRÜNE,0.000138888888888889,1,1
elperiodico,1,GRÜNE,0.000416666666666667,3,3
linkswende,1,GRÜNE,0.000138888888888889,1,1
newacademicpress,1,GRÜNE,0.000138888888888889,1,1
editionf,1,GRÜNE,0.000138888888888889,1,1
rechtaufstadt,1,GRÜNE,0.000138888888888889,1,1
ituc-csi,1,GRÜNE,0.000138888888888889,1,1
bund,1,GRÜNE,0.000138888888888889,1,1
transadvocate,1,GRÜNE,0.000138888888888889,1,1
advocate,1,GRÜNE,0.000138888888888889,1,1
infotalqual,1,GRÜNE,0.000277777777777778,2,2
budapestbeacon,1,GRÜNE,0.000138888888888889,1,1
berlinergazette,1,GRÜNE,0.000138888888888889,1,1
buzzfeed,1,GRÜNE,0.000138888888888889,1,1
fro,1,GRÜNE,0.000694444444444445,5,5
dailynewshungary,1,GRÜNE,0.000138888888888889,1,1
lustwerkstatt,1,GRÜNE,0.000277777777777778,2,2
harpersbazaar,1,GRÜNE,0.000138888888888889,1,1
flickriver,1,GRÜNE,0.000138888888888889,1,1
ibtimes,1,GRÜNE,0.000138888888888889,1,1
frauenlandretten,1,GRÜNE,0.000138888888888889,1,1
latimes,1,GRÜNE,0.000138888888888889,1,1
hoaxmap,1,GRÜNE,0.000138888888888889,1,1
bordermonitoring,1,GRÜNE,0.000138888888888889,1,1
24,1,GRÜNE,0.000277777777777778,2,2
mme,1,GRÜNE,0.000138888888888889,1,1
thestar,1,GRÜNE,0.000277777777777778,2,2
blogsport,1,GRÜNE,0.000138888888888889,1,1
belfasttelegraph,1,GRÜNE,0.000138888888888889,1,1
twitlonger,1,GRÜNE,0.000138888888888889,1,1
annenpost,1,GRÜNE,0.000138888888888889,1,1
aufbruch,1,GRÜNE,0.000138888888888889,1,1
blackgirldangerous,1,GRÜNE,0.000138888888888889,1,1
bonvalot,1,GRÜNE,0.000138888888888889,1,1
lovethework,1,GRÜNE,0.000138888888888889,1,1
coe,0.768596582854585,NEOS,0.00016121231662099,1,2
gruft,1,GRÜNE,0.000138888888888889,1,1
humor-kamensky,1,GRÜNE,0.000138888888888889,1,1
mattenhof,1,GRÜNE,0.000138888888888889,1,1
meinjulius,1,GRÜNE,0.000138888888888889,1,1
migazin,1,GRÜNE,0.000138888888888889,1,1
newstalk,1,GRÜNE,0.000138888888888889,1,1
newstatesman,1,GRÜNE,0.000138888888888889,1,1
npo-fonds,1,GRÜNE,0.000138888888888889,1,1
parliament,1,GRÜNE,0.000138888888888889,1,1
schweigendemehrheit,1,GRÜNE,0.000138888888888889,1,1
bx1,1,GRÜNE,0.000138888888888889,1,1
thedailyvox,1,GRÜNE,0.000138888888888889,1,1
wahlkartenantrag,1,GRÜNE,0.000138888888888889,1,1
womenforpeace,1,GRÜNE,0.000138888888888889,1,1
zaks-safari,1,GRÜNE,0.000138888888888889,1,1
yanisvaroufakis,1,GRÜNE,0.000138888888888889,1,1
yle,1,GRÜNE,0.000138888888888889,1,1
zara,1,GRÜNE,0.000138888888888889,1,1
indymedia,1,GRÜNE,0.000138888888888889,1,1
naturschutzbund,1,GRÜNE,0.000138888888888889,1,1
fairlassen,1,GRÜNE,0.000138888888888889,1,1
rog,1,SPÖ,0.000147994672191801,1,1
sjoe,0.918498058041638,SPÖ,0.00118395737753441,8,9
sektionacht,1,SPÖ,0.000147994672191801,1,1
hbr,1,SPÖ,0.000147994672191801,1,1
gegengrenzzaun,1,SPÖ,0.000147994672191801,1,1
tumblr,0.837232013108771,SPÖ,0.00162794139410981,11,13
issuu,0.802807447615712,SPÖ,0.000591978688767204,4,5
jetzt,0.760686728395062,NEOS,0.00016121231662099,1,2
vsstoe,1,SPÖ,0.000147994672191801,1,1
derschett,1,SPÖ,0.000147994672191801,1,1
flassbeck-economics,1,SPÖ,0.000147994672191801,1,1
gegen-unrecht,1,SPÖ,0.000147994672191801,1,1
initiativekompass,1,SPÖ,0.000147994672191801,1,1
keinplatz,1,SPÖ,0.000147994672191801,1,1
kulisse,1,SPÖ,0.000147994672191801,1,1
mediainvent,1,SPÖ,0.000295989344383602,2,2
reichebesteuern,1,SPÖ,0.000443984016575403,3,3
reichtumsmythen,1,SPÖ,0.000147994672191801,1,1
aufdeinerseite,1,SPÖ,0.000295989344383602,2,2
bento,1,SPÖ,0.000147994672191801,1,1
proprofs,1,SPÖ,0.000147994672191801,1,1
metacommunication,1,SPÖ,0.000147994672191801,1,1
bjv,1,SPÖ,0.000443984016575403,3,3
headroom,1,SPÖ,0.000147994672191801,1,1
sea-watch,0.757935086336605,SPÖ,0.000147994672191801,1,2
thetyee,1,SPÖ,0.000147994672191801,1,1
klimaklage,1,SPÖ,0.000147994672191801,1,1
onlinequizcreator,1,SPÖ,0.000147994672191801,1,1
primevideo,1,FPÖ,0.000230574129582661,1,1
rudolfina-redoute,1,FPÖ,0.000230574129582661,1,1
smartsync,1,FPÖ,0.000230574129582661,1,1
ausschuss,1,FPÖ,0.000230574129582661,1,1
fluchthelfer,1,FPÖ,0.000230574129582661,1,1
fpoe-noe,1,FPÖ,0.000461148259165322,2,2
skyscrapercity,1,FPÖ,0.000230574129582661,1,1
soliver,1,FPÖ,0.000230574129582661,1,1
wien-konkret,1,FPÖ,0.000230574129582661,1,1
zurzeit,1,FPÖ,0.000230574129582661,1,1
schautv,1,FPÖ,0.000691722388747983,3,3
wirtschaftsbund,0.960640912815222,ÖVP,0.00269853508095605,7,8
wirtschaftsbund-tirol,1,ÖVP,0.0038550501156515,10,10
franz-hoerl,1,ÖVP,0.00038550501156515,1,1
bmlrt,0.867571982846641,ÖVP,0.00038550501156515,1,2
umweltbundesamt,0.92367894551018,ÖVP,0.000771010023130301,2,3
cafe-schloffer,1,SPÖ,0.000147994672191801,1,1
steiermark,0.861298256870923,ÖVP,0.00038550501156515,1,2
sksturm,1,SPÖ,0.000295989344383602,2,2
augsburger-allgemeine,1,SPÖ,0.000147994672191801,1,1
nostalgieimkinderzimmer,1,SPÖ,0.000147994672191801,1,1
oebb,1,SPÖ,0.000147994672191801,1,1
tourismus-bruckmur,1,SPÖ,0.000147994672191801,1,1
mkoe,0.760686728395062,NEOS,0.00016121231662099,1,2
actblue,1,SPÖ,0.000147994672191801,1,1
evelyn-regner,1,SPÖ,0.000147994672191801,1,1
helpkobane,1,SPÖ,0.000147994672191801,1,1
ibm,1,SPÖ,0.000147994672191801,1,1
gvvnoe,1,SPÖ,0.000147994672191801,1,1
transcript-verlag,1,SPÖ,0.000147994672191801,1,1
worauf-warten,1,SPÖ,0.000147994672191801,1,1
bmb,1,SPÖ,0.000147994672191801,1,1
urgentletter,0.760686728395062,NEOS,0.00016121231662099,1,2
mein-klagenfurt,1,SPÖ,0.000147994672191801,1,1
ktn,1,SPÖ,0.000295989344383602,2,2
paradeisa,1,NEOS,0.00016121231662099,1,1
back-on-track,1,GRÜNE,0.000138888888888889,1,1
grist,1,GRÜNE,0.000416666666666667,3,3
zurpolitik,1,GRÜNE,0.000138888888888889,1,1
decarbcities,1,GRÜNE,0.000138888888888889,1,1
caneurope,1,GRÜNE,0.000138888888888889,1,1
christiane-brunner,1,GRÜNE,0.000138888888888889,1,1
greens-efa,1,GRÜNE,0.000138888888888889,1,1
helphelp2,1,GRÜNE,0.000277777777777778,2,2
netpeace,1,GRÜNE,0.000138888888888889,1,1
oekobuero,1,GRÜNE,0.000138888888888889,1,1
peter-meiwald,1,GRÜNE,0.000138888888888889,1,1
transportenvironment,1,GRÜNE,0.000138888888888889,1,1
umweltfoerderung,1,GRÜNE,0.000138888888888889,1,1
bmvi,1,GRÜNE,0.000138888888888889,1,1
energyandcleanair,1,GRÜNE,0.000138888888888889,1,1
energypeace,1,GRÜNE,0.000138888888888889,1,1
dokustreams,1,GRÜNE,0.000138888888888889,1,1
dommuseum,1,GRÜNE,0.000138888888888889,1,1
influencemap,1,GRÜNE,0.000138888888888889,1,1
spar,1,GRÜNE,0.000138888888888889,1,1
arcgis,1,GRÜNE,0.000138888888888889,1,1
adelphi,1,GRÜNE,0.000138888888888889,1,1
cbsnews,1,GRÜNE,0.000138888888888889,1,1
forbes,1,GRÜNE,0.000138888888888889,1,1
ipcc,1,GRÜNE,0.000138888888888889,1,1
klimareporter,1,GRÜNE,0.000694444444444445,5,5
monde-diplomatique,1,GRÜNE,0.000138888888888889,1,1
regionalbestellen,1,GRÜNE,0.000138888888888889,1,1
wri,1,GRÜNE,0.000138888888888889,1,1
wwf,1,GRÜNE,0.000416666666666667,3,3
kleine,1,ÖVP,0.00038550501156515,1,1
icomedias,1,ÖVP,0.0015420200462606,4,4
martina-kaufmann,1,ÖVP,0.00038550501156515,1,1
newsweek,1,ÖVP,0.00038550501156515,1,1
stvp,1,ÖVP,0.00038550501156515,1,1
zivildienst,1,ÖVP,0.00038550501156515,1,1
ejpress,1,ÖVP,0.00038550501156515,1,1
nunu,1,ÖVP,0.00038550501156515,1,1
ajc,1,ÖVP,0.00038550501156515,1,1
commentarymagazine,1,ÖVP,0.00038550501156515,1,1
schlaglichter,1,ÖVP,0.00038550501156515,1,1
nature,1,NEOS,0.00032242463324198,2,2
nationbuilder,1,NEOS,0.00016121231662099,1,1
austrianaviation,0.794259962049336,FPÖ,0.000230574129582661,1,2
lif,1,NEOS,0.000644849266483959,4,4
cmail2,1,NEOS,0.00016121231662099,1,1
90minuten,1,NEOS,0.00016121231662099,1,1
fwf,1,NEOS,0.00032242463324198,2,2
stadtliberal,1,NEOS,0.00048363694986297,3,3
virgin,1,NEOS,0.00016121231662099,1,1
cms,1,NEOS,0.00016121231662099,1,1
strolz,1,NEOS,0.00032242463324198,2,2
whiteribbon,1,NEOS,0.00016121231662099,1,1
xing,1,NEOS,0.00016121231662099,1,1
formr,1,NEOS,0.00016121231662099,1,1
co2-rechner,1,NEOS,0.00016121231662099,1,1
biorama,1,NEOS,0.00032242463324198,2,2
klimafakten,1,NEOS,0.00016121231662099,1,1
gq-magazin,1,NEOS,0.00016121231662099,1,1
squabble,1,ÖVP,0.00038550501156515,1,1
1000things,1,ÖVP,0.00038550501156515,1,1
regionews,1,FPÖ,0.00138344477749596,6,6
scihi,1,FPÖ,0.000230574129582661,1,1
scientificamerican,1,FPÖ,0.000230574129582661,1,1
distractify,1,FPÖ,0.000230574129582661,1,1
engadget,1,FPÖ,0.000230574129582661,1,1
unser-mitteleuropa,1,FPÖ,0.00138344477749596,6,6
bayernkurier,1,FPÖ,0.000230574129582661,1,1
info-direkt,1,FPÖ,0.000230574129582661,1,1
pflege-professionell,1,FPÖ,0.000691722388747983,3,3
finanzmarktwelt,1,FPÖ,0.000461148259165322,2,2
presse-augsburg,1,FPÖ,0.000230574129582661,1,1
skills,1,FPÖ,0.000230574129582661,1,1
erlebniszug,1,FPÖ,0.000230574129582661,1,1
wallstreet-online,1,FPÖ,0.000230574129582661,1,1
web,1,FPÖ,0.000230574129582661,1,1
opendoors,1,FPÖ,0.000230574129582661,1,1
famagusta-gazette,1,FPÖ,0.000230574129582661,1,1
eurosport,1,FPÖ,0.000230574129582661,1,1
sos-medizin,1,FPÖ,0.000230574129582661,1,1
rp-online,0.794259962049336,FPÖ,0.000230574129582661,1,2
visegradpost,1,FPÖ,0.000461148259165322,2,2
kt1,1,FPÖ,0.000230574129582661,1,1
artnet,1,FPÖ,0.000230574129582661,1,1
indavideo,1,FPÖ,0.000230574129582661,1,1
kjoe,1,FPÖ,0.000230574129582661,1,1
thedatahub,1,FPÖ,0.000230574129582661,1,1
designtaxi,1,FPÖ,0.000230574129582661,1,1
solarimpulse,1,FPÖ,0.000230574129582661,1,1
strunz,1,FPÖ,0.000691722388747983,3,3
digitalmediareport,1,FPÖ,0.000230574129582661,1,1
volocopter,1,FPÖ,0.000230574129582661,1,1
francetvinfo,1,FPÖ,0.000230574129582661,1,1
gruene-jugend,1,FPÖ,0.000461148259165322,2,2
katiemahan,1,FPÖ,0.000230574129582661,1,1
kpoe,1,FPÖ,0.000461148259165322,2,2
lagerhaus,1,FPÖ,0.000230574129582661,1,1
missioninnovationaustriaweek,1,FPÖ,0.000230574129582661,1,1
nogis,1,FPÖ,0.000230574129582661,1,1
oevz,1,FPÖ,0.000230574129582661,1,1
psychose,1,FPÖ,0.000230574129582661,1,1
streetstepper,1,FPÖ,0.000230574129582661,1,1
visionofhumanity,1,FPÖ,0.000230574129582661,1,1
wg-gesucht,1,FPÖ,0.000230574129582661,1,1
wirtschafts-nachrichten,1,FPÖ,0.000230574129582661,1,1
3druck,1,FPÖ,0.000230574129582661,1,1
app-online,1,FPÖ,0.000230574129582661,1,1
fpoe-bgld,1,FPÖ,0.000230574129582661,1,1
dvz,1,FPÖ,0.000230574129582661,1,1
industriemagazin,1,FPÖ,0.000922296518330643,4,4
tiktok,1,FPÖ,0.000230574129582661,1,1
wirtschaftszeit,1,FPÖ,0.000230574129582661,1,1
3d-grenzenlos,1,FPÖ,0.000230574129582661,1,1
ga,1,FPÖ,0.000230574129582661,1,1
nejm,1,FPÖ,0.000230574129582661,1,1
oeamtc,1,FPÖ,0.000230574129582661,1,1
tageszeitung,1,FPÖ,0.000230574129582661,1,1
fes,1,SPÖ,0.000147994672191801,1,1
sozis-gegen-vds,1,SPÖ,0.000147994672191801,1,1
villach,1,SPÖ,0.000147994672191801,1,1
quarks,1,SPÖ,0.000147994672191801,1,1
app,1,SPÖ,0.000295989344383602,2,2
wahlkabine,1,GRÜNE,0.000277777777777778,2,2
ronald-fruehwirth,0.768596582854585,NEOS,0.00016121231662099,1,2
cloudinary,1,GRÜNE,0.000138888888888889,1,1
goeg,1,GRÜNE,0.000138888888888889,1,1
tenor,1,GRÜNE,0.000694444444444445,5,5
gfycat,1,GRÜNE,0.000138888888888889,1,1
erdaepfelbau,1,GRÜNE,0.000138888888888889,1,1
lrh-ooe,1,GRÜNE,0.000138888888888889,1,1
matcha-magic,1,GRÜNE,0.000138888888888889,1,1
oeticket,1,GRÜNE,0.000277777777777778,2,2
tagblatt,1,GRÜNE,0.000138888888888889,1,1
theplayerstribune,1,GRÜNE,0.000138888888888889,1,1
voecklabruck,1,GRÜNE,0.000138888888888889,1,1
live,1,ÖVP,0.00038550501156515,1,1
k,1,ÖVP,0.00038550501156515,1,1
d,1,ÖVP,0.00038550501156515,1,1
architekt-gomez,1,ÖVP,0.00038550501156515,1,1
freerangekids,1,ÖVP,0.00038550501156515,1,1
deareuropewearesorry,1,ÖVP,0.00038550501156515,1,1
chip,1,ÖVP,0.00038550501156515,1,1
fifa,1,ÖVP,0.00038550501156515,1,1
lang,1,ÖVP,0.0015420200462606,4,4
ankerpunkt,1,ÖVP,0.00038550501156515,1,1
eppgroup,1,ÖVP,0.00038550501156515,1,1
eu-regionalmanagement,1,ÖVP,0.00038550501156515,1,1
faltenradio,1,ÖVP,0.00038550501156515,1,1
lvwg-stmk,1,ÖVP,0.00038550501156515,1,1
steiermark-vgv,1,ÖVP,0.00038550501156515,1,1
aeijst,1,ÖVP,0.00038550501156515,1,1
landjugend,1,ÖVP,0.00038550501156515,1,1
flambergerhof,1,ÖVP,0.00038550501156515,1,1
hengist,1,ÖVP,0.00038550501156515,1,1
kommunalnet,1,ÖVP,0.00038550501156515,1,1
martinthuer,1,ÖVP,0.00038550501156515,1,1
umfrage-pichler-jessenko,1,ÖVP,0.00038550501156515,1,1
vhsstmk,1,ÖVP,0.00038550501156515,1,1
yumpu,1,ÖVP,0.000771010023130301,2,2
awwproject,1,GRÜNE,0.000138888888888889,1,1
neuwirth,1,GRÜNE,0.000138888888888889,1,1
hvg,1,GRÜNE,0.000138888888888889,1,1
foerderland,1,GRÜNE,0.000138888888888889,1,1
nunukaller,1,GRÜNE,0.000138888888888889,1,1
sibyllehamann,1,GRÜNE,0.00152777777777778,11,11
aspern-seestadt,1,GRÜNE,0.000138888888888889,1,1
cjr,1,GRÜNE,0.000138888888888889,1,1
extradienst,1,GRÜNE,0.000277777777777778,2,2
ndtv,1,GRÜNE,0.000138888888888889,1,1
spektrum,1,GRÜNE,0.000138888888888889,1,1
duden,1,GRÜNE,0.000138888888888889,1,1
eurograduate,1,GRÜNE,0.000138888888888889,1,1
fairmedia,1,GRÜNE,0.000138888888888889,1,1
it-law,1,GRÜNE,0.000138888888888889,1,1
zarafeiert,1,GRÜNE,0.000138888888888889,1,1
re-publica,1,GRÜNE,0.000138888888888889,1,1
onfastspring,1,GRÜNE,0.000138888888888889,1,1
ichmachmit,1,GRÜNE,0.000138888888888889,1,1
invenium,1,GRÜNE,0.000138888888888889,1,1
mediengipfel,1,GRÜNE,0.000138888888888889,1,1
ncase,1,GRÜNE,0.000138888888888889,1,1
people,1,GRÜNE,0.000138888888888889,1,1
s3.amazonaws.com,1,GRÜNE,0.000138888888888889,1,1
arminwolf,1,GRÜNE,0.000138888888888889,1,1
data,1,GRÜNE,0.000138888888888889,1,1
gruenewirtschaft,1,GRÜNE,0.000138888888888889,1,1
ibelieveinyou,1,GRÜNE,0.000138888888888889,1,1
leetchi,1,GRÜNE,0.000138888888888889,1,1
open3,1,GRÜNE,0.000138888888888889,1,1
salzburger-landestheater,1,GRÜNE,0.000138888888888889,1,1
christoph-stark,1,ÖVP,0.00038550501156515,1,1
energieregion,1,ÖVP,0.00038550501156515,1,1
oststeirerball,1,ÖVP,0.00038550501156515,1,1
gleisdorf,1,ÖVP,0.00038550501156515,1,1
oliverschopf,1,NEOS,0.00016121231662099,1,1
ifrc,1,NEOS,0.00016121231662099,1,1
staatsanwaelte,1,NEOS,0.00016121231662099,1,1
stephaniekrisper,1,NEOS,0.00016121231662099,1,1
aerzte-ohne-grenzen,1,NEOS,0.00016121231662099,1,1
doew,1,NEOS,0.00016121231662099,1,1
esiweb,1,NEOS,0.00032242463324198,2,2
hrw,1,NEOS,0.00016121231662099,1,1
inforadio,1,NEOS,0.00016121231662099,1,1
politasconsulting,1,NEOS,0.00016121231662099,1,1
mail,1,SPÖ,0.000147994672191801,1,1
assange-helfen,1,SPÖ,0.000147994672191801,1,1
misik,1,SPÖ,0.000295989344383602,2,2
antist,1,SPÖ,0.000147994672191801,1,1
johannskocek,1,SPÖ,0.000147994672191801,1,1
kupf,1,SPÖ,0.000147994672191801,1,1
mittellaendische,1,SPÖ,0.000147994672191801,1,1
ehmature,1,ÖVP,0.00038550501156515,1,1
narconews,1,ÖVP,0.00038550501156515,1,1
tgplinks,1,ÖVP,0.0015420200462606,4,4
gratis-erotik,1,ÖVP,0.000771010023130301,2,2
handjob-tube,1,ÖVP,0.00038550501156515,1,1
gratis-6,1,ÖVP,0.00038550501156515,1,1
wolfgang-gerstl,1,ÖVP,0.00925212027756361,24,24
campaign-archive,1,ÖVP,0.000771010023130301,2,2
lukasmandl,1,ÖVP,0.00038550501156515,1,1
pokerfirma,1,ÖVP,0.00038550501156515,1,1
stimmab,1,ÖVP,0.00038550501156515,1,1
survey-smiles,1,NEOS,0.00016121231662099,1,1
angenommen,1,NEOS,0.00016121231662099,1,1
katholische-jugend,1,NEOS,0.00016121231662099,1,1
afp,1,NEOS,0.00016121231662099,1,1
falscheneun,1,NEOS,0.00016121231662099,1,1
gebimair,1,NEOS,0.00016121231662099,1,1
provinnsbruck,1,NEOS,0.00016121231662099,1,1
vanderbellen2016,1,NEOS,0.00016121231662099,1,1
hamburger-wahlbeobachter,1,NEOS,0.00016121231662099,1,1
kthe,1,NEOS,0.00016121231662099,1,1
maenner,1,NEOS,0.00016121231662099,1,1
mercer,1,NEOS,0.00016121231662099,1,1
noz,1,NEOS,0.00016121231662099,1,1
pfeilplatz,1,NEOS,0.00016121231662099,1,1
usa2016,1,NEOS,0.00016121231662099,1,1
claudia-roth,1,NEOS,0.00016121231662099,1,1
fachschaftslisten,1,NEOS,0.00016121231662099,1,1
noizz,1,NEOS,0.00016121231662099,1,1
aidshilfe,1,NEOS,0.00016121231662099,1,1
engelvoelkers,1,NEOS,0.00016121231662099,1,1
yannickshetty,1,NEOS,0.00016121231662099,1,1
