K,url_core,gini,N_url
20,dietagespresse,0.357455621042131,39
20,awblog,0.486887758001972,13
20,ots,0.255972865647822,246
20,openpetition,0.722077003273924,10
20,spiegel,0.331352263867535,39
20,kurier,0.197362877040228,315
20,derstandard,0.358033874868466,606
20,orf,0.196387891161734,429
20,profil,0.283255341852321,50
20,queer,0.949931513415032,1
20,morgenpost,0.773798836362677,1
20,kleinezeitung,0.233955186171136,75
20,claudia-roth,0.667778494599908,1
20,sueddeutsche,0.310520938802856,36
20,heute,0.322664068580107,75
20,kontrast,0.365718077256073,41
20,ft,0.994118017229465,2
20,nachrichten,0.267533527085296,65
20,thomasrammerstorfer,0.803605981020147,1
20,republik,0.632079000774528,2
20,krone,0.154755646054795,195
20,wienerzeitung,0.24258235376464,35
20,diepresse,0.227979867589648,274
20,w24,0.69091109298988,2
20,heise,0.701411494331322,1
20,facebook,0.275144248537106,89
20,news,0.310306640401885,15
20,sn,0.253239631838156,34
20,oe24,0.265092711298494,91
20,trend,0.528476639746585,6
20,tips,0.507425356930045,4
20,theguardian,1,6
20,fr,0.75653071436445,1
20,bild,0.42403759138075,11
20,anschlaege,0.738647296002269,1
20,nw,0.836944316543505,1
20,vol,0.358244920900577,13
20,meinbezirk,0.313229730841469,29
20,fpoefails,0.66805648922107,3
20,welt,0.313449929425989,37
20,vienna,0.479554747472448,6
20,tt,0.505542188082217,35
20,vrt,0.729922778283586,1
20,leadersnet,0.585178647851975,3
20,bvz,0.544053030173548,5
20,taz,0.428913771281126,5
20,mosaik-blog,0.402808759984273,4
20,noen,0.564102990978346,5
20,austrianaviation,0.794956762040645,1
20,industriemagazin,0.677764477168905,1
20,dasbiber,0.8341115696544,1
20,aufstehn,0.480070084580735,16
20,schlaglichter,0.677927604353179,1
20,polsatnews,0.897868697997923,1
20,nytimes,0.971766633164795,7
20,reflektive,0.829329856034399,4
20,fpoe,0.464347699392644,10
20,unhcr,0.944291449172637,4
20,stern,0.689638780264989,2
20,futurezone,0.29055345688884,12
20,5min,0.72161292977424,1
20,handelsblatt,0.28905040928621,10
20,3druck,0.766042205922033,1
20,datum,0.606282234896568,3
20,3d-grenzenlos,0.892337627970935,1
20,kathpress,0.86342358196973,4
20,parlament,0.427380476812122,37
20,niittyvirta,1,1
20,sabineschatz,0.432484649396037,17
20,weidenholzer,0.758038462407768,1
20,arbeiterkammerwahl2019,0.703689997490433,1
20,diesubstanz,0.559806317717634,15
20,falter,0.360932348660384,22
20,michaelbernhard,0.882995134062681,2
20,meineabgeordneten,0.769376887287418,1
20,bmk,0.534520852196227,4
20,ard-wien,0.571223742197787,2
20,arminwolf,0.723233644424008,1
20,arbeiterkammer,0.791016222196999,1
20,n-tv,0.551062973921098,4
20,tagesanzeiger,0.720150896282743,2
20,luzernerzeitung,0.705907360857894,2
20,addendum,0.654949479084957,1
20,epicenter,0.619361827123818,2
20,foreignpolicy,0.89551042872224,1
20,neos,0.796435945902301,4
20,tagesspiegel,0.218512655967895,7
20,app,0.641227533076383,2
20,dossier,0.483000571080523,7
20,brandrede,0.753187602977781,5
20,unzensuriert,0.395711995044601,7
20,beatemeinl,0.557859374544584,22
20,tagesschau,0.413530331237413,6
20,global2000,0.828290882820954,1
20,pinknews,1,1
20,klimareporter,0.476124564116079,3
20,agenda-austria,0.618903024687206,3
20,bizeps,0.467692166476008,4
20,gehoertgebloggt,0.491409271836149,6
20,informationsfreiheit,0.685783509462158,1
20,spoe,0.558052941284582,5
20,europa,1,2
20,fob,0.55558622072613,6
20,wiwo,0.804985699259495,1
20,zoom,0.618368365677,1
20,pagesix,1,1
20,junos,0.731029454679159,1
20,rechnungshof,0.768209511122929,1
20,bazonline,0.706504063343834,3
20,prometheusinstitut,0.831239397122437,1
20,dgb,0.442938375116339,2
20,zurueckzudengruenen,0.607027330869704,4
20,der-postillon,0.618339086623022,3
20,linkedin,0.843594276207522,1
20,stopptdierechten,0.815756167639716,1
20,mymonk,0.713788562032971,1
20,beigewum,0.791328989957028,1
20,metacommunication,0.671931577848359,1
20,energypeace,0.591042379171455,1
20,ichvermeideplastik,0.72103307082583,1
20,jetzt,0.656895785935948,1
20,wikipedia,0.607206953495287,4
20,gruene,0.438333774204221,6
20,idealismprevails,0.733722660328802,1
20,msn,0.708800584570854,3
20,medico,0.802691175724328,1
20,anfdeutsch,0.736391013613544,1
20,reuters,0.953539338212577,1
20,amnesty,1,1
20,fairlassen,0.780968151689609,1
20,tvn,0.94769630320301,1
20,steiermark,0.818329961586365,1
20,fastcompany,0.982225921610399,1
20,trendingtopics,0.786241961145864,1
20,linz-gegen-rechts,0.715035968420514,1
20,armutskonferenz,0.737927451850733,2
20,ga,0.797665495988084,1
20,doew,0.686961871990818,1
20,ams,0.778130960497313,2
20,oegb,0.606282466010666,3
20,zackzack,0.574550983734118,2
20,epochtimes,0.571998752650596,4
20,ggg,0.730433271933581,1
20,boku,0.546519696044127,1
20,jungefreiheit,0.596045415336322,2
20,andreaskollross,0.582857094188968,4
20,wienerin,0.614030214549841,3
20,monatsrevue,0.586648096261052,2
20,brandstaetter-tv,0.533926763407533,4
20,vfgh,0.742067786738893,1
20,spooe,0.881830287347224,2
20,ilmanifesto,1,1
20,bka,0.642921764164433,1
20,s3.amazonaws.com,1,1
20,change,0.888674840818997,4
20,juedische,1,1
20,kinderfreunde,0.573366629190476,4
20,cnn,0.950475779606993,1
20,esiweb,0.947928036017075,1
20,focus,0.514154104416507,7
20,transatlantic-takes,0.711458754605689,1
20,rp-online,0.724025357664565,2
20,verfassungsblog,0.679184041302332,1
20,zdf,0.795245986067355,2
20,noizz,0.670968877725111,1
20,t-online,0.814916232596781,1
20,mittellaendische,0.723914368633194,1
20,dw,0.669314779164362,1
20,moment,0.621221311457685,2
20,finanzen,0.845022395499472,2
20,aidshilfe,0.710362824971741,1
20,biorama,0.833676481512195,2
20,maenner,0.657723362352654,1
20,irishtimes,1,1
20,wordpress,0.460156944966006,8
20,attac,0.570479796345861,1
20,elperiodico,0.887444580873968,3
20,vogue,0.895176495540515,1
20,ortneronline,0.896171135291903,1
20,newsletter2go,0.789841097963991,1
20,lgbtqnation,0.969162349253904,1
20,martinhaunschmid,0.843453008878185,2
20,wri,0.998739331934151,1
20,tz,0.837477568852086,1
20,srf,0.816910925171727,2
20,laola1,0.925662604931563,1
20,puls24,0.848093007261818,1
20,wien,0.73092238274435,2
20,today,1,1
20,eu2020,0.995162077126963,1
20,thehill,1,1
20,forbes,1,1
20,mannschaft,0.710835734079901,1
20,efganidoenmez,0.546133072432612,5
20,distractify,1,1
20,citizengo,0.957115093741753,5
20,sibyllehamann,0.658859512848809,2
20,falscheneun,0.767118497366326,1
20,spektrum,0.647920047252622,1
20,sektionacht,0.679740183240216,1
20,dagmar-woehrl,0.748047520417099,1
20,zeit,0.741757623240838,1
20,bmeia,0.993593962964416,4
20,brandeins,0.728935601087797,1
20,gudrunkugler,0.898094817036072,3
20,scihi,1,1
20,sosmitmensch,0.878250844478412,2
20,br,0.844575712449545,1
20,zurpolitik,0.725192290188531,1
20,theconversation,1,1
20,fischundfleisch,0.732113471344044,1
20,die-tagespost,0.71444343113474,1
20,puls4,0.737575613687903,1
20,schwaebische,0.897128018184854,1
20,kpoe,0.735270776943511,1
20,hbr,1,1
20,gmx,0.545340927153347,2
20,wallstreet-online,0.650515207431912,1
20,sputniknews,0.710912013057078,1
20,fb,0.778032815228669,1
20,rt,0.762083173884011,2
20,achgut,0.674891847024245,2
20,vox,1,1
20,nikischerak,0.637073723800243,1
20,express,1,2
20,bayernkurier,0.663986424470144,1
20,wochenblick,0.581118044222723,1
20,allesroger,0.607544079497599,1
20,faktistfakt,0.759970317139463,2
20,onlinequizcreator,0.724300603644957,1
20,erlebniszug,0.797283631690525,1
20,thetyee,0.995162077126963,1
20,erstaunlich,0.704269655536653,1
20,lopatka,0.744253939419066,1
20,boeckler,0.763471649555362,1
20,info-direkt,0.756145114349913,1
20,salzburg,0.746166074404872,1
20,gpa-djp,0.759451062457435,1
20,philosophia-perennis,0.803962072081546,1
20,bz-berlin,0.598955840833515,1
20,labournetaustria,0.900234489040204,3
20,corneliaecker,0.835903618835483,8
20,tichyseinblick,0.686600929130897,2
20,frauennetzwerk,0.679089006905571,2
20,finanzmarktwelt,0.890539997410328,2
20,pflege-professionell,0.682654247214156,1
20,treffpunkteuropa,0.808945639094607,1
20,thedailyfranz,0.61592887842023,1
20,diealternative,0.674508457759581,5
20,auge,0.790825036961249,1
20,oecd-ilibrary,1,1
20,mailchi,0.894962733607188,1
20,fpoe-bgld,0.749434554645455,1
20,bbc,1,1
20,rklambda,0.646442190222287,1
20,zukunftsprogramm,0.873337474709016,1
20,balkanstories,0.871076782633899,1
25,dietagespresse,0.321425401354467,39
25,awblog,0.600910809828617,13
25,ots,0.238776600836278,246
25,openpetition,0.810030258421713,10
25,spiegel,0.336412102068412,39
25,kurier,0.187996822587564,315
25,derstandard,0.316056257200601,606
25,orf,0.193276334392644,429
25,profil,0.260402996051629,50
25,queer,0.961222611394727,1
25,morgenpost,0.807896426218243,1
25,kleinezeitung,0.229374638091866,75
25,claudia-roth,0.68050412768322,1
25,sueddeutsche,0.355205632604542,36
25,heute,0.286851556169395,75
25,kontrast,0.299399134144283,41
25,ft,0.996027736601848,2
25,nachrichten,0.247679455927048,65
25,thomasrammerstorfer,0.766305487917218,1
25,republik,0.599033797929588,2
25,krone,0.211896316556413,195
25,wienerzeitung,0.247951347903816,35
25,diepresse,0.236719944594016,274
25,w24,0.708622176664622,2
25,heise,0.735863934481131,1
25,facebook,0.302879720753613,89
25,news,0.269390791730729,15
25,sn,0.281220192934918,34
25,oe24,0.22183080501603,91
25,trend,0.523283773231214,6
25,tips,0.565986678634827,4
25,theguardian,0.999154284620818,6
25,fr,0.830223327869635,1
25,bild,0.404583737835418,11
25,anschlaege,0.775460762472227,1
25,nw,0.815329599689649,1
25,vol,0.431394026120413,13
25,meinbezirk,0.339449053690966,29
25,fpoefails,0.658962913880988,3
25,welt,0.352435831572334,37
25,vienna,0.588830894947776,6
25,tt,0.530314345316124,35
25,vrt,0.794014610799893,1
25,leadersnet,0.678731096472949,3
25,bvz,0.50697177310269,5
25,taz,0.546892561406133,5
25,mosaik-blog,0.410500726288197,4
25,noen,0.577111714622544,5
25,austrianaviation,0.715113571241001,1
25,industriemagazin,0.743910006030517,1
25,dasbiber,0.721573289767297,1
25,aufstehn,0.601619763650178,16
25,schlaglichter,0.681732621516237,1
25,polsatnews,0.922896081035407,1
25,nytimes,0.928636580693331,7
25,reflektive,0.852248501591729,4
25,fpoe,0.485074674994753,10
25,unhcr,0.910785704502739,4
25,stern,0.694995976771254,2
25,futurezone,0.354404606293709,12
25,5min,0.787712956820985,1
25,handelsblatt,0.370174835454993,10
25,3druck,0.868586643401002,1
25,datum,0.564675294707831,3
25,3d-grenzenlos,0.87271061233047,1
25,kathpress,0.856019184101625,4
25,parlament,0.424503364992213,37
25,niittyvirta,1,1
25,sabineschatz,0.484457308057998,17
25,weidenholzer,0.754331220915183,1
25,arbeiterkammerwahl2019,0.71418854815795,1
25,diesubstanz,0.480936502529823,15
25,falter,0.410955795420755,22
25,michaelbernhard,0.92687402658438,2
25,meineabgeordneten,0.795654270223939,1
25,bmk,0.670233593080093,4
25,ard-wien,0.68585464791209,2
25,arminwolf,0.741803439168018,1
25,arbeiterkammer,0.830418954091884,1
25,n-tv,0.562185090510577,4
25,tagesanzeiger,0.523884205209713,2
25,luzernerzeitung,0.69831681241335,2
25,addendum,0.561477619552173,1
25,epicenter,0.717392066851022,2
25,foreignpolicy,0.888686600186949,1
25,neos,0.879875205144912,4
25,tagesspiegel,0.339114831278204,7
25,app,0.62788633998126,2
25,dossier,0.606147148379896,7
25,brandrede,0.80339474272196,5
25,unzensuriert,0.33457442985168,7
25,beatemeinl,0.494374117434397,22
25,tagesschau,0.409920456800828,6
25,global2000,0.879220692042771,1
25,pinknews,1,1
25,klimareporter,0.569909208103618,3
25,agenda-austria,0.668071763460484,3
25,bizeps,0.433444210030128,4
25,gehoertgebloggt,0.467529735436954,6
25,informationsfreiheit,0.702235427007696,1
25,spoe,0.612800254649253,5
25,europa,1,2
25,fob,0.636980970407429,6
25,wiwo,0.787734469363816,1
25,zoom,0.590409496475361,1
25,pagesix,1,1
25,junos,0.727610567343987,1
25,rechnungshof,0.73601966461878,1
25,bazonline,0.771119117116201,3
25,prometheusinstitut,0.77756298445202,1
25,dgb,0.448240150241961,2
25,zurueckzudengruenen,0.675408738565138,4
25,der-postillon,0.679934183176551,3
25,linkedin,0.843664915151679,1
25,stopptdierechten,0.814256222441712,1
25,mymonk,0.816691687828443,1
25,beigewum,0.752167719613057,1
25,metacommunication,0.72025966547267,1
25,energypeace,0.788725597517085,1
25,ichvermeideplastik,0.876000400444303,1
25,jetzt,0.717127695212688,1
25,wikipedia,0.663697367792546,4
25,gruene,0.466720893373767,6
25,idealismprevails,0.695855031455514,1
25,msn,0.683260927517107,3
25,medico,0.853503502135118,1
25,anfdeutsch,0.837780115139566,1
25,reuters,0.983139378967265,1
25,amnesty,0.995503544812299,1
25,fairlassen,0.793321869423847,1
25,tvn,0.928657104800624,1
25,steiermark,0.851059727684671,1
25,fastcompany,1,1
25,trendingtopics,0.742960837802221,1
25,linz-gegen-rechts,0.774632016429642,1
25,armutskonferenz,0.658676730778025,2
25,ga,0.801826052844652,1
25,doew,0.741386580048292,1
25,ams,0.710653398992514,2
25,oegb,0.720338002824738,3
25,zackzack,0.651562872808678,2
25,epochtimes,0.55409067419347,4
25,ggg,0.828671175243798,1
25,boku,0.661458045556523,1
25,jungefreiheit,0.53041530262371,2
25,andreaskollross,0.665687751499505,4
25,wienerin,0.591513917084058,3
25,monatsrevue,0.624800045325144,2
25,brandstaetter-tv,0.52407627363713,4
25,vfgh,0.784567149850922,1
25,spooe,0.874010735999802,2
25,ilmanifesto,1,1
25,bka,0.714181293027618,1
25,s3.amazonaws.com,0.996114412407389,1
25,change,0.897407277723583,4
25,juedische,0.988109237979205,1
25,kinderfreunde,0.768260892860034,4
25,cnn,0.961097387471498,1
25,esiweb,0.934283909907399,1
25,focus,0.472395384360505,7
25,transatlantic-takes,0.76014353236568,1
25,rp-online,0.775504265625854,2
25,verfassungsblog,0.731907473745213,1
25,zdf,0.794984508601393,2
25,noizz,0.653919794602692,1
25,t-online,0.906444392279831,1
25,mittellaendische,0.677768791481919,1
25,dw,0.66178552068005,1
25,moment,0.466356352280228,2
25,finanzen,0.792656590598911,2
25,aidshilfe,0.805224979426327,1
25,biorama,0.862945676997224,2
25,maenner,0.741101679399392,1
25,irishtimes,0.982438339803582,1
25,wordpress,0.445396707529416,8
25,attac,0.717986704001758,1
25,elperiodico,0.941578385891892,3
25,vogue,0.875773638617062,1
25,ortneronline,0.779152231968527,1
25,newsletter2go,0.817351209511596,1
25,lgbtqnation,0.967357003972742,1
25,martinhaunschmid,0.897693410487466,2
25,wri,1,1
25,tz,0.754835634051121,1
25,srf,0.820133223881242,2
25,laola1,0.917243804076966,1
25,puls24,0.836274051105663,1
25,wien,0.615608233649573,2
25,today,1,1
25,eu2020,1,1
25,thehill,1,1
25,forbes,0.99522517333289,1
25,mannschaft,0.73948908237606,1
25,efganidoenmez,0.479169623424838,5
25,distractify,1,1
25,citizengo,0.955060423083813,5
25,sibyllehamann,0.75889049179512,2
25,falscheneun,0.860536718458607,1
25,spektrum,0.797227364943325,1
25,sektionacht,0.741650318767102,1
25,dagmar-woehrl,0.759483569189844,1
25,zeit,0.835743204632777,1
25,bmeia,0.994882036407149,4
25,brandeins,0.787079772383449,1
25,gudrunkugler,0.927002777110328,3
25,scihi,0.992619545140705,1
25,sosmitmensch,0.895225627102653,2
25,br,0.917366471040527,1
25,zurpolitik,0.698168310787252,1
25,theconversation,1,1
25,fischundfleisch,0.751002482412954,1
25,die-tagespost,0.834746017797999,1
25,puls4,0.834478912267458,1
25,schwaebische,0.945774628048156,1
25,kpoe,0.821598622075988,1
25,hbr,1,1
25,gmx,0.585962203200331,2
25,wallstreet-online,0.627360105476323,1
25,sputniknews,0.84310855091586,1
25,fb,0.735518474026977,1
25,rt,0.808244128684379,2
25,achgut,0.668862867150739,2
25,vox,1,1
25,nikischerak,0.672560328126226,1
25,express,0.993225433930732,2
25,bayernkurier,0.66042399701196,1
25,wochenblick,0.695646589623157,1
25,allesroger,0.660851335130508,1
25,faktistfakt,0.769762742779608,2
25,onlinequizcreator,0.751569520807422,1
25,erlebniszug,0.766406526413724,1
25,thetyee,1,1
25,erstaunlich,0.787852250845318,1
25,lopatka,0.853230969358537,1
25,boeckler,0.799747361466779,1
25,info-direkt,0.753793337597977,1
25,salzburg,0.726673331774276,1
25,gpa-djp,0.824312593898388,1
25,philosophia-perennis,0.819734362519451,1
25,bz-berlin,0.701600246303379,1
25,labournetaustria,0.947931633899588,3
25,corneliaecker,0.763529941962987,8
25,tichyseinblick,0.629385270351429,2
25,frauennetzwerk,0.703687307422236,2
25,finanzmarktwelt,0.917665038617102,2
25,pflege-professionell,0.717262992319906,1
25,treffpunkteuropa,0.840008510243762,1
25,thedailyfranz,0.714146625659573,1
25,diealternative,0.598058391011671,5
25,auge,0.871695480852254,1
25,oecd-ilibrary,1,1
25,mailchi,0.831644476919206,1
25,fpoe-bgld,0.798230041152156,1
25,bbc,1,1
25,rklambda,0.738969683174876,1
25,zukunftsprogramm,0.86986102357865,1
25,balkanstories,0.751674222955176,1
30,dietagespresse,0.300825147426118,39
30,awblog,0.62176071097185,13
30,ots,0.245211562563214,246
30,openpetition,0.787844254727381,10
30,spiegel,0.374815016797742,39
30,kurier,0.210156798643095,315
30,derstandard,0.30969420204658,606
30,orf,0.174058911413384,429
30,profil,0.266147085994322,50
30,queer,1,1
30,morgenpost,0.794070022294698,1
30,kleinezeitung,0.241730891806682,75
30,claudia-roth,0.84045331666284,1
30,sueddeutsche,0.34841847541151,36
30,heute,0.227483653961213,75
30,kontrast,0.331884967479636,41
30,ft,1,2
30,nachrichten,0.247641350612737,65
30,thomasrammerstorfer,0.882911638159698,1
30,republik,0.629653221256653,2
30,krone,0.186294528991557,195
30,wienerzeitung,0.218085933907209,35
30,diepresse,0.220549933998257,274
30,w24,0.717155869827261,2
30,heise,0.716360064927222,1
30,facebook,0.247135127191227,89
30,news,0.386214219598808,15
30,sn,0.309844802242878,34
30,oe24,0.253970079614658,91
30,trend,0.567134742135735,6
30,tips,0.63123069836911,4
30,theguardian,0.998429002558681,6
30,fr,0.828899667603219,1
30,bild,0.475930269519231,11
30,anschlaege,0.773114289032709,1
30,nw,0.779285628839581,1
30,vol,0.343672126892523,13
30,meinbezirk,0.353041296593858,29
30,fpoefails,0.757032555306208,3
30,welt,0.352620933369411,37
30,vienna,0.44689469484209,6
30,tt,0.521000640660432,35
30,vrt,0.803501562984208,1
30,leadersnet,0.699621301214252,3
30,bvz,0.622423197622123,5
30,taz,0.530644064586611,5
30,mosaik-blog,0.441492059661633,4
30,noen,0.528756828059394,5
30,austrianaviation,0.770312508781767,1
30,industriemagazin,0.770324627304773,1
30,dasbiber,0.691899496682799,1
30,aufstehn,0.498862036633526,16
30,schlaglichter,0.757659919231257,1
30,polsatnews,0.971454362687763,1
30,nytimes,0.976808309985961,7
30,reflektive,0.865520431906794,4
30,fpoe,0.486094125817175,10
30,unhcr,0.928106830211856,4
30,stern,0.729238305358921,2
30,futurezone,0.348662811217091,12
30,5min,0.843396611316485,1
30,handelsblatt,0.397148139264896,10
30,3druck,0.913910018191653,1
30,datum,0.651704085908771,3
30,3d-grenzenlos,0.888814687154367,1
30,kathpress,0.879154368856263,4
30,parlament,0.439656569905265,37
30,niittyvirta,0.99388422767086,1
30,sabineschatz,0.451906303722005,17
30,weidenholzer,0.737031441886398,1
30,arbeiterkammerwahl2019,0.751952823204932,1
30,diesubstanz,0.585560534241699,15
30,falter,0.368849971023057,22
30,michaelbernhard,0.897023697961386,2
30,meineabgeordneten,0.879366311017242,1
30,bmk,0.748417642173377,4
30,ard-wien,0.764600248129178,2
30,arminwolf,0.70962056886485,1
30,arbeiterkammer,0.829691828271269,1
30,n-tv,0.61789270954208,4
30,tagesanzeiger,0.585651330794492,2
30,luzernerzeitung,0.79440423808878,2
30,addendum,0.747145372906485,1
30,epicenter,0.715101455234327,2
30,foreignpolicy,0.894980375330319,1
30,neos,0.847187788624864,4
30,tagesspiegel,0.33202941172739,7
30,app,0.660206137675079,2
30,dossier,0.625374770628253,7
30,brandrede,0.833900024137147,5
30,unzensuriert,0.444396930318072,7
30,beatemeinl,0.593819790452232,22
30,tagesschau,0.522514717306259,6
30,global2000,0.892933682096255,1
30,pinknews,0.985032997544676,1
30,klimareporter,0.638551157644457,3
30,agenda-austria,0.706048357310266,3
30,bizeps,0.56373557063778,4
30,gehoertgebloggt,0.447955898349658,6
30,informationsfreiheit,0.749697125348883,1
30,spoe,0.651593163270707,5
30,europa,1,2
30,fob,0.647456758738347,6
30,wiwo,0.786279428511376,1
30,zoom,0.635445899978587,1
30,pagesix,1,1
30,junos,0.785556604275571,1
30,rechnungshof,0.838583220438259,1
30,bazonline,0.772519354333628,3
30,prometheusinstitut,0.788344932218082,1
30,dgb,0.577197159565329,2
30,zurueckzudengruenen,0.690188187498124,4
30,der-postillon,0.708365797924383,3
30,linkedin,0.832889631795133,1
30,stopptdierechten,0.854074250973192,1
30,mymonk,0.829789652871234,1
30,beigewum,0.829056265658735,1
30,metacommunication,0.730227651125817,1
30,energypeace,0.795075370390832,1
30,ichvermeideplastik,0.839760646889328,1
30,jetzt,0.702034061621118,1
30,wikipedia,0.656545744030549,4
30,gruene,0.553976013393134,6
30,idealismprevails,0.70143117612153,1
30,msn,0.685647030867859,3
30,medico,0.863546949768723,1
30,anfdeutsch,0.822387755063785,1
30,reuters,0.978533123722927,1
30,amnesty,0.994041632619153,1
30,fairlassen,0.72810183701242,1
30,tvn,0.965999111463846,1
30,steiermark,0.830333799668355,1
30,fastcompany,1,1
30,trendingtopics,0.765355105970348,1
30,linz-gegen-rechts,0.760702212161611,1
30,armutskonferenz,0.697378911325588,2
30,ga,0.802817663126943,1
30,doew,0.794429989912915,1
30,ams,0.749994488688043,2
30,oegb,0.66432918945298,3
30,zackzack,0.640865247856672,2
30,epochtimes,0.614927922778458,4
30,ggg,0.76082427607786,1
30,boku,0.699983314961469,1
30,jungefreiheit,0.708597220569764,2
30,andreaskollross,0.593418324559162,4
30,wienerin,0.60362887000165,3
30,monatsrevue,0.661728201752339,2
30,brandstaetter-tv,0.599040653110258,4
30,vfgh,0.826066541432951,1
30,spooe,0.904166628313469,2
30,ilmanifesto,1,1
30,bka,0.816192950489272,1
30,s3.amazonaws.com,0.979455021779641,1
30,change,0.966486556251645,4
30,juedische,1,1
30,kinderfreunde,0.708467056962593,4
30,cnn,0.990807691554958,1
30,esiweb,0.917974469218249,1
30,focus,0.493166496888306,7
30,transatlantic-takes,0.788499909805149,1
30,rp-online,0.698288712697032,2
30,verfassungsblog,0.766341827059204,1
30,zdf,0.734404466210554,2
30,noizz,0.704011132694575,1
30,t-online,0.886540781793202,1
30,mittellaendische,0.695073947093923,1
30,dw,0.708655800852115,1
30,moment,0.587780899263322,2
30,finanzen,0.927688468769874,2
30,aidshilfe,0.824335075306234,1
30,biorama,0.824473911571209,2
30,maenner,0.784435636252462,1
30,irishtimes,0.986369412272258,1
30,wordpress,0.426695424688695,8
30,attac,0.691411629728771,1
30,elperiodico,0.976024408683306,3
30,vogue,0.874598884438006,1
30,ortneronline,0.885932625577834,1
30,newsletter2go,0.762439783755772,1
30,lgbtqnation,1,1
30,martinhaunschmid,0.845721208631225,2
30,wri,1,1
30,tz,0.83014758150737,1
30,srf,0.864688776505247,2
30,laola1,0.863126152145948,1
30,puls24,0.86564329360716,1
30,wien,0.7203635855171,2
30,today,1,1
30,eu2020,1,1
30,thehill,1,1
30,forbes,1,1
30,mannschaft,0.749200683544829,1
30,efganidoenmez,0.649308703652568,5
30,distractify,1,1
30,citizengo,0.94608019310049,5
30,sibyllehamann,0.727468562356452,2
30,falscheneun,0.802241327822008,1
30,spektrum,0.768792352774626,1
30,sektionacht,0.785516066201578,1
30,dagmar-woehrl,0.769695925451393,1
30,zeit,0.863531032508299,1
30,bmeia,0.968725629084628,4
30,brandeins,0.774510290272763,1
30,gudrunkugler,0.93345677597071,3
30,scihi,1,1
30,sosmitmensch,0.870171258831183,2
30,br,0.853415814196274,1
30,zurpolitik,0.811373610732696,1
30,theconversation,0.994510506334137,1
30,fischundfleisch,0.769875079014258,1
30,die-tagespost,0.81934742441624,1
30,puls4,0.841843626299814,1
30,schwaebische,0.929107030263061,1
30,kpoe,0.794037662025011,1
30,hbr,1,1
30,gmx,0.677242174199192,2
30,wallstreet-online,0.627214630113297,1
30,sputniknews,0.762280441741119,1
30,fb,0.747566115281333,1
30,rt,0.837256193846641,2
30,achgut,0.675227578927749,2
30,vox,1,1
30,nikischerak,0.674285292680854,1
30,express,1,2
30,bayernkurier,0.693955618294168,1
30,wochenblick,0.723562835550655,1
30,allesroger,0.705857350030154,1
30,faktistfakt,0.838514230353676,2
30,onlinequizcreator,0.845814613422202,1
30,erlebniszug,0.806261927238991,1
30,thetyee,1,1
30,erstaunlich,0.798614801240168,1
30,lopatka,0.773129635571162,1
30,boeckler,0.790849101796565,1
30,info-direkt,0.74399555152385,1
30,salzburg,0.654568258685306,1
30,gpa-djp,0.803032136000439,1
30,philosophia-perennis,0.845372778291536,1
30,bz-berlin,0.717897287338247,1
30,labournetaustria,0.952347780489438,3
30,corneliaecker,0.792623021225901,8
30,tichyseinblick,0.671504777438922,2
30,frauennetzwerk,0.639658277848471,2
30,finanzmarktwelt,0.880296469454181,2
30,pflege-professionell,0.735807062725184,1
30,treffpunkteuropa,0.835702772207824,1
30,thedailyfranz,0.758488293564584,1
30,diealternative,0.695776968039746,5
30,auge,0.759955145242241,1
30,oecd-ilibrary,1,1
30,mailchi,0.764000714992398,1
30,fpoe-bgld,0.82951808318287,1
30,bbc,1,1
30,rklambda,0.806319444400603,1
30,zukunftsprogramm,0.772919075185571,1
30,balkanstories,0.691528237777922,1
35,dietagespresse,0.334311121807372,39
35,awblog,0.601468511780213,13
35,ots,0.253318723317626,246
35,openpetition,0.791689512331411,10
35,spiegel,0.357754681555265,39
35,kurier,0.233709642085559,315
35,derstandard,0.318900137021318,606
35,orf,0.213052900549922,429
35,profil,0.294660510343271,50
35,queer,0.944696810103417,1
35,morgenpost,0.776246649598889,1
35,kleinezeitung,0.252036519024327,75
35,claudia-roth,0.795565286051942,1
35,sueddeutsche,0.337809581232377,36
35,heute,0.303440712905325,75
35,kontrast,0.300861708741311,41
35,ft,1,2
35,nachrichten,0.286462268655915,65
35,thomasrammerstorfer,0.787139303215685,1
35,republik,0.673988125127883,2
35,krone,0.186603041131445,195
35,wienerzeitung,0.254682278527553,35
35,diepresse,0.206007129085182,274
35,w24,0.790973375036738,2
35,heise,0.736043027998188,1
35,facebook,0.260227062383067,89
35,news,0.31511968022285,15
35,sn,0.267963689314719,34
35,oe24,0.28860277617385,91
35,trend,0.531700182630191,6
35,tips,0.664516089487209,4
35,theguardian,0.998472389519123,6
35,fr,0.798871356515895,1
35,bild,0.419694631352211,11
35,anschlaege,0.813799012740853,1
35,nw,0.818050219116199,1
35,vol,0.454504297874985,13
35,meinbezirk,0.407498954644591,29
35,fpoefails,0.785355168135096,3
35,welt,0.376870856280212,37
35,vienna,0.515672463128589,6
35,tt,0.540948547577516,35
35,vrt,0.818969240007557,1
35,leadersnet,0.706253576718645,3
35,bvz,0.498049283430518,5
35,taz,0.518806644212862,5
35,mosaik-blog,0.527465380142632,4
35,noen,0.592733270378641,5
35,austrianaviation,0.844013298906183,1
35,industriemagazin,0.761152907098663,1
35,dasbiber,0.751172291036895,1
35,aufstehn,0.552895648635553,16
35,schlaglichter,0.712347595173304,1
35,polsatnews,0.987513054921952,1
35,nytimes,0.94952881462095,7
35,reflektive,0.860547125271838,4
35,fpoe,0.430661573935052,10
35,unhcr,0.932365903151919,4
35,stern,0.761865834070141,2
35,futurezone,0.399782566286105,12
35,5min,0.884520557229475,1
35,handelsblatt,0.42872604250171,10
35,3druck,0.822171102487824,1
35,datum,0.593483636116673,3
35,3d-grenzenlos,0.856848937446259,1
35,kathpress,0.838169784955751,4
35,parlament,0.466163496576843,37
35,niittyvirta,1,1
35,sabineschatz,0.422240286497364,17
35,weidenholzer,0.807606076363847,1
35,arbeiterkammerwahl2019,0.768110008141553,1
35,diesubstanz,0.568473500527659,15
35,falter,0.447913399974637,22
35,michaelbernhard,0.914235880266293,2
35,meineabgeordneten,0.827193881472869,1
35,bmk,0.71635842539138,4
35,ard-wien,0.65883359718507,2
35,arminwolf,0.732937705996378,1
35,arbeiterkammer,0.80617492162282,1
35,n-tv,0.571676306756946,4
35,tagesanzeiger,0.64288263955816,2
35,luzernerzeitung,0.825059996904001,2
35,addendum,0.644964424647208,1
35,epicenter,0.710395401349787,2
35,foreignpolicy,0.925321328106747,1
35,neos,0.849215198486157,4
35,tagesspiegel,0.339022855803156,7
35,app,0.59461750667561,2
35,dossier,0.609329592973835,7
35,brandrede,0.819114366884494,5
35,unzensuriert,0.445050637922521,7
35,beatemeinl,0.550125783456739,22
35,tagesschau,0.461794017241241,6
35,global2000,0.876080863330562,1
35,pinknews,1,1
35,klimareporter,0.624335191766693,3
35,agenda-austria,0.629385472803438,3
35,bizeps,0.56310580045212,4
35,gehoertgebloggt,0.47004340992399,6
35,informationsfreiheit,0.648068510156858,1
35,spoe,0.602578240777021,5
35,europa,1,2
35,fob,0.663835182297057,6
35,wiwo,0.810568636438853,1
35,zoom,0.743223882954395,1
35,pagesix,1,1
35,junos,0.721289738775078,1
35,rechnungshof,0.840439957465859,1
35,bazonline,0.76750952859453,3
35,prometheusinstitut,0.83651824620829,1
35,dgb,0.582332645303081,2
35,zurueckzudengruenen,0.622786127845414,4
35,der-postillon,0.644185157654835,3
35,linkedin,0.861460041486981,1
35,stopptdierechten,0.844718117733888,1
35,mymonk,0.882740797568013,1
35,beigewum,0.781954208302365,1
35,metacommunication,0.754980153276366,1
35,energypeace,0.691620472515953,1
35,ichvermeideplastik,0.883480646176793,1
35,jetzt,0.825219492637223,1
35,wikipedia,0.643717200533582,4
35,gruene,0.482978567645128,6
35,idealismprevails,0.751818242635476,1
35,msn,0.726164194628598,3
35,medico,0.855995089843852,1
35,anfdeutsch,0.820234510078922,1
35,reuters,0.970912379699407,1
35,amnesty,1,1
35,fairlassen,0.806930839404345,1
35,tvn,0.971537256918001,1
35,steiermark,0.824921424445736,1
35,fastcompany,1,1
35,trendingtopics,0.771676339895121,1
35,linz-gegen-rechts,0.76897092030225,1
35,armutskonferenz,0.728403930486879,2
35,ga,0.818126987034059,1
35,doew,0.822130591614024,1
35,ams,0.766535622430078,2
35,oegb,0.717025704390056,3
35,zackzack,0.707833845353784,2
35,epochtimes,0.593980029940857,4
35,ggg,0.798536901975929,1
35,boku,0.652965256239135,1
35,jungefreiheit,0.651029729261765,2
35,andreaskollross,0.652163782409746,4
35,wienerin,0.621503693333229,3
35,monatsrevue,0.654105906397953,2
35,brandstaetter-tv,0.65666278272579,4
35,vfgh,0.770743585759545,1
35,spooe,0.908679630739836,2
35,ilmanifesto,1,1
35,bka,0.867903120553405,1
35,s3.amazonaws.com,0.992388024641148,1
35,change,0.927746089321096,4
35,juedische,1,1
35,kinderfreunde,0.756242620977672,4
35,cnn,0.970764649827861,1
35,esiweb,0.930040411990916,1
35,focus,0.539120062939993,7
35,transatlantic-takes,0.748553324552176,1
35,rp-online,0.719472107294259,2
35,verfassungsblog,0.812861416058199,1
35,zdf,0.869502423370449,2
35,noizz,0.758913836174906,1
35,t-online,0.889794357976481,1
35,mittellaendische,0.762074185597695,1
35,dw,0.698090840430656,1
35,moment,0.633218464716397,2
35,finanzen,0.877409956792399,2
35,aidshilfe,0.796663244067683,1
35,biorama,0.846547945562319,2
35,maenner,0.693888260515962,1
35,irishtimes,0.946881698210908,1
35,wordpress,0.505282581144501,8
35,attac,0.708138371270471,1
35,elperiodico,0.99281272069063,3
35,vogue,0.917557065199875,1
35,ortneronline,0.913516403978456,1
35,newsletter2go,0.78816745011554,1
35,lgbtqnation,0.970897132526931,1
35,martinhaunschmid,0.89317699936548,2
35,wri,1,1
35,tz,0.897870171205802,1
35,srf,0.851008764625799,2
35,laola1,0.85466865849665,1
35,puls24,0.826178074206029,1
35,wien,0.800546961408777,2
35,today,1,1
35,eu2020,1,1
35,thehill,0.981185424493544,1
35,forbes,0.983088605473995,1
35,mannschaft,0.794858264647075,1
35,efganidoenmez,0.627744662580251,5
35,distractify,1,1
35,citizengo,0.971599767261539,5
35,sibyllehamann,0.752256912247885,2
35,falscheneun,0.859977337075074,1
35,spektrum,0.769511764578448,1
35,sektionacht,0.73884146945611,1
35,dagmar-woehrl,0.777934645084206,1
35,zeit,0.905422184033656,1
35,bmeia,0.997800879573293,4
35,brandeins,0.746018854560397,1
35,gudrunkugler,0.992141477249478,3
35,scihi,1,1
35,sosmitmensch,0.93412210559021,2
35,br,0.88338015388792,1
35,zurpolitik,0.735976482527433,1
35,theconversation,1,1
35,fischundfleisch,0.795177547746742,1
35,die-tagespost,0.765780796684753,1
35,puls4,0.812844448400991,1
35,schwaebische,0.932245073985856,1
35,kpoe,0.791052617703077,1
35,hbr,1,1
35,gmx,0.591832232796079,2
35,wallstreet-online,0.595292937789238,1
35,sputniknews,0.773058644335111,1
35,fb,0.79583828863755,1
35,rt,0.79040417451197,2
35,achgut,0.675180951575176,2
35,vox,1,1
35,nikischerak,0.739704729086836,1
35,express,1,2
35,bayernkurier,0.694320348099558,1
35,wochenblick,0.787646554131925,1
35,allesroger,0.794440246627088,1
35,faktistfakt,0.890317264449746,2
35,onlinequizcreator,0.830004725271774,1
35,erlebniszug,0.834168509727872,1
35,thetyee,0.996164684149529,1
35,erstaunlich,0.802250702685394,1
35,lopatka,0.737354578123337,1
35,boeckler,0.829061431219645,1
35,info-direkt,0.759273919062076,1
35,salzburg,0.684173885902097,1
35,gpa-djp,0.784156933797804,1
35,philosophia-perennis,0.848450351409802,1
35,bz-berlin,0.790984696938287,1
35,labournetaustria,0.923480077832788,3
35,corneliaecker,0.862736358987193,8
35,tichyseinblick,0.704342946450776,2
35,frauennetzwerk,0.576275159508125,2
35,finanzmarktwelt,0.964815279829877,2
35,pflege-professionell,0.757596067016715,1
35,treffpunkteuropa,0.82499181563054,1
35,thedailyfranz,0.766058043954028,1
35,diealternative,0.700798629575475,5
35,auge,0.854463342557636,1
35,oecd-ilibrary,1,1
35,mailchi,0.799079889436197,1
35,fpoe-bgld,0.825640381414844,1
35,bbc,1,1
35,rklambda,0.840955284271047,1
35,zukunftsprogramm,0.843863460923406,1
35,balkanstories,0.846014092114912,1
40,dietagespresse,0.310161487748829,39
40,awblog,0.536725802772318,13
40,ots,0.27754619915431,246
40,openpetition,0.741392612369828,10
40,spiegel,0.363742377331598,39
40,kurier,0.227767234022468,315
40,derstandard,0.327840881039692,606
40,orf,0.208589054421804,429
40,profil,0.248142606852029,50
40,queer,0.927201547735637,1
40,morgenpost,0.848102642105429,1
40,kleinezeitung,0.258585598514316,75
40,claudia-roth,0.795652311961776,1
40,sueddeutsche,0.399020076053428,36
40,heute,0.2782556878131,75
40,kontrast,0.345604115724537,41
40,ft,1,2
40,nachrichten,0.278562417626603,65
40,thomasrammerstorfer,0.829863444013578,1
40,republik,0.668507712036035,2
40,krone,0.223587186318824,195
40,wienerzeitung,0.235790643799974,35
40,diepresse,0.241876442332893,274
40,w24,0.701186177118215,2
40,heise,0.822189914039248,1
40,facebook,0.280992346001924,89
40,news,0.386396369763383,15
40,sn,0.311264095487998,34
40,oe24,0.2603738690614,91
40,trend,0.533469360600693,6
40,tips,0.697450969222553,4
40,theguardian,1,6
40,fr,0.85948818183519,1
40,bild,0.429992293758244,11
40,anschlaege,0.84737087153246,1
40,nw,0.813885215521263,1
40,vol,0.397977049658426,13
40,meinbezirk,0.364388066079546,29
40,fpoefails,0.656714556582051,3
40,welt,0.363542150625374,37
40,vienna,0.574281317292725,6
40,tt,0.577590995665504,35
40,vrt,0.879910821264769,1
40,leadersnet,0.703261107101123,3
40,bvz,0.634917978729558,5
40,taz,0.563326171572588,5
40,mosaik-blog,0.501424385641592,4
40,noen,0.550490855214706,5
40,austrianaviation,0.84320470502262,1
40,industriemagazin,0.775069331703856,1
40,dasbiber,0.784621082175932,1
40,aufstehn,0.531662905858835,16
40,schlaglichter,0.71980586636256,1
40,polsatnews,0.899818708496011,1
40,nytimes,0.95125369017534,7
40,reflektive,0.870107362445524,4
40,fpoe,0.480111815393436,10
40,unhcr,0.940261007414414,4
40,stern,0.717282556025808,2
40,futurezone,0.364604513151198,12
40,5min,0.873039596970144,1
40,handelsblatt,0.37408355592821,10
40,3druck,0.92954474223121,1
40,datum,0.652602195017327,3
40,3d-grenzenlos,0.924944960542426,1
40,kathpress,0.902876195960857,4
40,parlament,0.461541296583725,37
40,niittyvirta,1,1
40,sabineschatz,0.490026801229917,17
40,weidenholzer,0.753989027483407,1
40,arbeiterkammerwahl2019,0.771914731666409,1
40,diesubstanz,0.611371878577087,15
40,falter,0.384665148973955,22
40,michaelbernhard,0.926663029089237,2
40,meineabgeordneten,0.848923010500687,1
40,bmk,0.721354050310364,4
40,ard-wien,0.679985392866155,2
40,arminwolf,0.795113302784585,1
40,arbeiterkammer,0.872019408216632,1
40,n-tv,0.605571662721851,4
40,tagesanzeiger,0.651101116233917,2
40,luzernerzeitung,0.772579002002084,2
40,addendum,0.681476161561979,1
40,epicenter,0.698207747596495,2
40,foreignpolicy,0.923490075105559,1
40,neos,0.867301023711487,4
40,tagesspiegel,0.3788951903174,7
40,app,0.675259783439639,2
40,dossier,0.63492835447486,7
40,brandrede,0.859785195518363,5
40,unzensuriert,0.442515140545319,7
40,beatemeinl,0.510381972155993,22
40,tagesschau,0.497096510792072,6
40,global2000,0.868606792899124,1
40,pinknews,1,1
40,klimareporter,0.700512067890977,3
40,agenda-austria,0.751957217507442,3
40,bizeps,0.590720787796355,4
40,gehoertgebloggt,0.535953897645397,6
40,informationsfreiheit,0.750121777998884,1
40,spoe,0.64945585056274,5
40,europa,0.988044662329635,2
40,fob,0.708564033318769,6
40,wiwo,0.785055903906448,1
40,zoom,0.692067310228952,1
40,pagesix,0.993831202712403,1
40,junos,0.81826481150101,1
40,rechnungshof,0.850885951397442,1
40,bazonline,0.805495539131526,3
40,prometheusinstitut,0.830176326457115,1
40,dgb,0.645870825891524,2
40,zurueckzudengruenen,0.669545447562545,4
40,der-postillon,0.681955763434107,3
40,linkedin,0.889917186282408,1
40,stopptdierechten,0.813280747194115,1
40,mymonk,0.86317463217919,1
40,beigewum,0.877216594041031,1
40,metacommunication,0.789337966789414,1
40,energypeace,0.830337436519364,1
40,ichvermeideplastik,0.857046906173302,1
40,jetzt,0.802124543141209,1
40,wikipedia,0.676648746810022,4
40,gruene,0.52060558012231,6
40,idealismprevails,0.780459966759488,1
40,msn,0.71750231577875,3
40,medico,0.835088912619734,1
40,anfdeutsch,0.83842826490168,1
40,reuters,0.95123663543074,1
40,amnesty,1,1
40,fairlassen,0.849817761394738,1
40,tvn,0.975360739996807,1
40,steiermark,0.838378230463621,1
40,fastcompany,1,1
40,trendingtopics,0.786883939126571,1
40,linz-gegen-rechts,0.763540552357111,1
40,armutskonferenz,0.721153578245709,2
40,ga,0.809799825339514,1
40,doew,0.873940879186479,1
40,ams,0.864513176255713,2
40,oegb,0.784111487494144,3
40,zackzack,0.738127376599281,2
40,epochtimes,0.606998102550809,4
40,ggg,0.822189368552584,1
40,boku,0.689335281806264,1
40,jungefreiheit,0.678247220061946,2
40,andreaskollross,0.643020427824272,4
40,wienerin,0.637239818157912,3
40,monatsrevue,0.718601800460339,2
40,brandstaetter-tv,0.502200216662156,4
40,vfgh,0.827856137623513,1
40,spooe,0.913504562736418,2
40,ilmanifesto,1,1
40,bka,0.805642472067266,1
40,s3.amazonaws.com,0.98302084849286,1
40,change,0.949287688932815,4
40,juedische,1,1
40,kinderfreunde,0.745724373879299,4
40,cnn,0.974554869876784,1
40,esiweb,0.920293165923207,1
40,focus,0.583007476997531,7
40,transatlantic-takes,0.821504815038973,1
40,rp-online,0.796449191448295,2
40,verfassungsblog,0.763838510236399,1
40,zdf,0.815405109113381,2
40,noizz,0.780415341704293,1
40,t-online,0.828772070884408,1
40,mittellaendische,0.770417313769461,1
40,dw,0.653935247747119,1
40,moment,0.631120451708487,2
40,finanzen,0.856835024552096,2
40,aidshilfe,0.829257378780663,1
40,biorama,0.886732225512224,2
40,maenner,0.780905201169009,1
40,irishtimes,0.987811680525762,1
40,wordpress,0.478650815321099,8
40,attac,0.786593529788181,1
40,elperiodico,0.983327960048336,3
40,vogue,0.894944870794533,1
40,ortneronline,0.898859678448151,1
40,newsletter2go,0.833320355886571,1
40,lgbtqnation,0.974664889940501,1
40,martinhaunschmid,0.850629701235307,2
40,wri,1,1
40,tz,0.85120451954304,1
40,srf,0.85060367449608,2
40,laola1,0.856291911848031,1
40,puls24,0.90425551005641,1
40,wien,0.724595225716018,2
40,today,1,1
40,eu2020,0.98746566902901,1
40,thehill,1,1
40,forbes,0.994897647731802,1
40,mannschaft,0.803593941030468,1
40,efganidoenmez,0.669779931616364,5
40,distractify,0.97578477432851,1
40,citizengo,1,5
40,sibyllehamann,0.761380542814098,2
40,falscheneun,0.860611909188662,1
40,spektrum,0.800760734964578,1
40,sektionacht,0.750285923649091,1
40,dagmar-woehrl,0.717505250622866,1
40,zeit,0.86725297350203,1
40,bmeia,0.991123364504167,4
40,brandeins,0.789465122886726,1
40,gudrunkugler,0.973458419232311,3
40,scihi,0.989396627172069,1
40,sosmitmensch,0.859829192752689,2
40,br,0.847615026703745,1
40,zurpolitik,0.853345008468015,1
40,theconversation,0.994520537577454,1
40,fischundfleisch,0.762435956582301,1
40,die-tagespost,0.861627574116725,1
40,puls4,0.791428990401773,1
40,schwaebische,0.973338310373967,1
40,kpoe,0.786940981825362,1
40,hbr,1,1
40,gmx,0.627835319431226,2
40,wallstreet-online,0.7319196031729,1
40,sputniknews,0.827276516287705,1
40,fb,0.743145553725778,1
40,rt,0.838224310869637,2
40,achgut,0.660115491501442,2
40,vox,1,1
40,nikischerak,0.795860410812784,1
40,express,0.984229127693153,2
40,bayernkurier,0.732774255625267,1
40,wochenblick,0.77857821451008,1
40,allesroger,0.734050420147959,1
40,faktistfakt,0.889907519144143,2
40,onlinequizcreator,0.872758867320077,1
40,erlebniszug,0.80699490114312,1
40,thetyee,0.990921337956088,1
40,erstaunlich,0.849297593998371,1
40,lopatka,0.849458304752609,1
40,boeckler,0.818970370336172,1
40,info-direkt,0.821742350638299,1
40,salzburg,0.817792605173857,1
40,gpa-djp,0.85414683804617,1
40,philosophia-perennis,0.863154045434872,1
40,bz-berlin,0.805595848725194,1
40,labournetaustria,0.957078102034547,3
40,corneliaecker,0.746124307541352,8
40,tichyseinblick,0.783625950826079,2
40,frauennetzwerk,0.625231156956595,2
40,finanzmarktwelt,0.865471125888065,2
40,pflege-professionell,0.776841464819632,1
40,treffpunkteuropa,0.87102928219251,1
40,thedailyfranz,0.761238905991524,1
40,diealternative,0.726943973585771,5
40,auge,0.814788079380286,1
40,oecd-ilibrary,1,1
40,mailchi,0.865000291031159,1
40,fpoe-bgld,0.885522244312132,1
40,bbc,0.992798104831532,1
40,rklambda,0.78859276628546,1
40,zukunftsprogramm,0.872734661871066,1
40,balkanstories,0.841951181701949,1
45,dietagespresse,0.304018393325745,39
45,awblog,0.585582653281525,13
45,ots,0.242968944673839,246
45,openpetition,0.807768307893413,10
45,spiegel,0.33606015015107,39
45,kurier,0.212411197844219,315
45,derstandard,0.329462419880974,606
45,orf,0.196873582582109,429
45,profil,0.257388463885376,50
45,queer,0.979710738804445,1
45,morgenpost,0.899454967257419,1
45,kleinezeitung,0.207283564216549,75
45,claudia-roth,0.687559072188944,1
45,sueddeutsche,0.37989042479892,36
45,heute,0.262591625354025,75
45,kontrast,0.351981534888803,41
45,ft,1,2
45,nachrichten,0.269167202334944,65
45,thomasrammerstorfer,0.811216804807033,1
45,republik,0.635297902028617,2
45,krone,0.204925255415899,195
45,wienerzeitung,0.221884898233267,35
45,diepresse,0.229204764585004,274
45,w24,0.800994275547556,2
45,heise,0.822443172962593,1
45,facebook,0.261741081836999,89
45,news,0.343609078018093,15
45,sn,0.297201455819456,34
45,oe24,0.231465879921212,91
45,trend,0.566228852114233,6
45,tips,0.604438504801507,4
45,theguardian,0.995091062302352,6
45,fr,0.864368103700894,1
45,bild,0.460845980061095,11
45,anschlaege,0.842184860295762,1
45,nw,0.861987114018719,1
45,vol,0.476282295702624,13
45,meinbezirk,0.359725281311627,29
45,fpoefails,0.73835239796937,3
45,welt,0.368646337740864,37
45,vienna,0.566491566774619,6
45,tt,0.49972451623795,35
45,vrt,0.821606782542632,1
45,leadersnet,0.718235321878026,3
45,bvz,0.628965955594663,5
45,taz,0.55854731670554,5
45,mosaik-blog,0.553848228886512,4
45,noen,0.535625319338088,5
45,austrianaviation,0.818659581263205,1
45,industriemagazin,0.836228224793349,1
45,dasbiber,0.776350732426908,1
45,aufstehn,0.562928862218188,16
45,schlaglichter,0.734261126059704,1
45,polsatnews,0.979006680003747,1
45,nytimes,0.958959554189051,7
45,reflektive,0.877489964626025,4
45,fpoe,0.497720036375842,10
45,unhcr,0.948877506457339,4
45,stern,0.786684412700901,2
45,futurezone,0.369885471146212,12
45,5min,0.85638603228034,1
45,handelsblatt,0.385047368389201,10
45,3druck,0.867110074397123,1
45,datum,0.65283248021437,3
45,3d-grenzenlos,0.907738040190374,1
45,kathpress,0.846648919844051,4
45,parlament,0.404343264558332,37
45,niittyvirta,0.982039823698335,1
45,sabineschatz,0.517688762559571,17
45,weidenholzer,0.799648230666987,1
45,arbeiterkammerwahl2019,0.820432780116184,1
45,diesubstanz,0.601006207227264,15
45,falter,0.396339903716947,22
45,michaelbernhard,0.944551686654031,2
45,meineabgeordneten,0.839395789547816,1
45,bmk,0.69569770636676,4
45,ard-wien,0.716567914446228,2
45,arminwolf,0.800444350391071,1
45,arbeiterkammer,0.853464700086387,1
45,n-tv,0.590347100725372,4
45,tagesanzeiger,0.660323217654898,2
45,luzernerzeitung,0.762726218944238,2
45,addendum,0.730894002688835,1
45,epicenter,0.68879757919606,2
45,foreignpolicy,0.934989218270736,1
45,neos,0.868561897986665,4
45,tagesspiegel,0.39777657361819,7
45,app,0.584940429854342,2
45,dossier,0.664210175156832,7
45,brandrede,0.86733185833282,5
45,unzensuriert,0.435433443152395,7
45,beatemeinl,0.613544963567033,22
45,tagesschau,0.565024536668763,6
45,global2000,0.910499245876364,1
45,pinknews,1,1
45,klimareporter,0.634407417180755,3
45,agenda-austria,0.715200622934128,3
45,bizeps,0.626832386425077,4
45,gehoertgebloggt,0.444071274861042,6
45,informationsfreiheit,0.795913634816115,1
45,spoe,0.657985197466016,5
45,europa,0.990629840973556,2
45,fob,0.663929625907409,6
45,wiwo,0.829065854083441,1
45,zoom,0.779379768294784,1
45,pagesix,0.992081023925907,1
45,junos,0.790060372507047,1
45,rechnungshof,0.818035135632709,1
45,bazonline,0.832105628709256,3
45,prometheusinstitut,0.81892105627638,1
45,dgb,0.652581261602852,2
45,zurueckzudengruenen,0.666006036025729,4
45,der-postillon,0.682686141851451,3
45,linkedin,0.889993428504094,1
45,stopptdierechten,0.842155624523556,1
45,mymonk,0.858367935538236,1
45,beigewum,0.864556017835813,1
45,metacommunication,0.803341669250922,1
45,energypeace,0.767998234158407,1
45,ichvermeideplastik,0.895752912566197,1
45,jetzt,0.775523231334259,1
45,wikipedia,0.683137074696422,4
45,gruene,0.561476046166319,6
45,idealismprevails,0.751334842636481,1
45,msn,0.686348206242883,3
45,medico,0.844835268879041,1
45,anfdeutsch,0.834884964447139,1
45,reuters,0.97456153542883,1
45,amnesty,0.996108446744292,1
45,fairlassen,0.854867348304346,1
45,tvn,0.956415394244366,1
45,steiermark,0.900436241020751,1
45,fastcompany,1,1
45,trendingtopics,0.79308598125127,1
45,linz-gegen-rechts,0.83695912004077,1
45,armutskonferenz,0.694179032819396,2
45,ga,0.819215171849054,1
45,doew,0.797400838590705,1
45,ams,0.807231995422096,2
45,oegb,0.699930431756198,3
45,zackzack,0.694350511563683,2
45,epochtimes,0.604279593123477,4
45,ggg,0.774396219111159,1
45,boku,0.737140056571202,1
45,jungefreiheit,0.746174216157385,2
45,andreaskollross,0.666766999018204,4
45,wienerin,0.632732762902085,3
45,monatsrevue,0.679417104549653,2
45,brandstaetter-tv,0.685781257705336,4
45,vfgh,0.84360519782423,1
45,spooe,0.954209500775315,2
45,ilmanifesto,1,1
45,bka,0.868909612258712,1
45,s3.amazonaws.com,1,1
45,change,0.905443104854482,4
45,juedische,0.987517923964723,1
45,kinderfreunde,0.798343699795847,4
45,cnn,0.977519190432998,1
45,esiweb,0.943214738327846,1
45,focus,0.60119038953048,7
45,transatlantic-takes,0.793429878154802,1
45,rp-online,0.828390550157565,2
45,verfassungsblog,0.838744249337862,1
45,zdf,0.81020668695069,2
45,noizz,0.766668052001635,1
45,t-online,0.881279016990321,1
45,mittellaendische,0.803148259846763,1
45,dw,0.770089716090466,1
45,moment,0.643165675943468,2
45,finanzen,0.912490675175982,2
45,aidshilfe,0.848492026769256,1
45,biorama,0.906226105940823,2
45,maenner,0.780162082181535,1
45,irishtimes,0.989327045588825,1
45,wordpress,0.536875845392721,8
45,attac,0.808677077681368,1
45,elperiodico,0.998885029544238,3
45,vogue,0.932260509401838,1
45,ortneronline,0.898655792890434,1
45,newsletter2go,0.765448016748339,1
45,lgbtqnation,0.977531950662742,1
45,martinhaunschmid,0.94958077194903,2
45,wri,1,1
45,tz,0.890324265830704,1
45,srf,0.908013936701958,2
45,laola1,0.888081474342635,1
45,puls24,0.924728809016235,1
45,wien,0.750255264343199,2
45,today,1,1
45,eu2020,1,1
45,thehill,0.988362791660207,1
45,forbes,0.990183924141357,1
45,mannschaft,0.780846938251364,1
45,efganidoenmez,0.659215870174891,5
45,distractify,1,1
45,citizengo,1,5
45,sibyllehamann,0.755657633831362,2
45,falscheneun,0.893241183992297,1
45,spektrum,0.75033862292604,1
45,sektionacht,0.802893751848873,1
45,dagmar-woehrl,0.793509876787964,1
45,zeit,0.911770218999958,1
45,bmeia,1,4
45,brandeins,0.778993640399734,1
45,gudrunkugler,0.974637491285672,3
45,scihi,0.991522967382187,1
45,sosmitmensch,0.892288760162175,2
45,br,0.887834288934705,1
45,zurpolitik,0.826617658211064,1
45,theconversation,0.997001725606979,1
45,fischundfleisch,0.828462139674317,1
45,die-tagespost,0.76337186675526,1
45,puls4,0.843457786725773,1
45,schwaebische,0.925986757373268,1
45,kpoe,0.84371543794908,1
45,hbr,0.997256598836663,1
45,gmx,0.634632611172178,2
45,wallstreet-online,0.717728585254077,1
45,sputniknews,0.796668734900287,1
45,fb,0.794621505846345,1
45,rt,0.872031616149761,2
45,achgut,0.650969150209172,2
45,vox,1,1
45,nikischerak,0.805175168592411,1
45,express,0.990658213454665,2
45,bayernkurier,0.752059449814269,1
45,wochenblick,0.819913044502995,1
45,allesroger,0.767862365795449,1
45,faktistfakt,0.831570495555291,2
45,onlinequizcreator,0.866386417122628,1
45,erlebniszug,0.80665138447558,1
45,thetyee,0.994825239157852,1
45,erstaunlich,0.796236918456243,1
45,lopatka,0.864930641984251,1
45,boeckler,0.847331555194633,1
45,info-direkt,0.783580573835208,1
45,salzburg,0.746671749610842,1
45,gpa-djp,0.879292072184323,1
45,philosophia-perennis,0.873486484678455,1
45,bz-berlin,0.780245819027347,1
45,labournetaustria,0.964272360596902,3
45,corneliaecker,0.923322352682867,8
45,tichyseinblick,0.738799868203019,2
45,frauennetzwerk,0.723952488398845,2
45,finanzmarktwelt,0.899790441499346,2
45,pflege-professionell,0.782637532164974,1
45,treffpunkteuropa,0.890316861006258,1
45,thedailyfranz,0.76525579111666,1
45,diealternative,0.683839794348403,5
45,auge,0.868255744869074,1
45,oecd-ilibrary,1,1
45,mailchi,0.835529409645935,1
45,fpoe-bgld,0.84315549101978,1
45,bbc,1,1
45,rklambda,0.823077094209548,1
45,zukunftsprogramm,0.864957161429674,1
45,balkanstories,0.850436760006658,1
50,dietagespresse,0.337901969379938,39
50,awblog,0.630727973109302,13
50,ots,0.245036445585095,246
50,openpetition,0.850529696407838,10
50,spiegel,0.322895469443661,39
50,kurier,0.201860076375223,315
50,derstandard,0.332575820745513,606
50,orf,0.184960155162554,429
50,profil,0.255455581846087,50
50,queer,0.980668916243851,1
50,morgenpost,0.856451221803923,1
50,kleinezeitung,0.239442990314144,75
50,claudia-roth,0.746463646490188,1
50,sueddeutsche,0.414615600141653,36
50,heute,0.273202816051298,75
50,kontrast,0.351936300412338,41
50,ft,0.992241010815184,2
50,nachrichten,0.266611405980405,65
50,thomasrammerstorfer,0.841668489308887,1
50,republik,0.656610502157337,2
50,krone,0.16656673966721,195
50,wienerzeitung,0.231924637254245,35
50,diepresse,0.22735596758778,274
50,w24,0.769493544431484,2
50,heise,0.812201452570347,1
50,facebook,0.270297553094881,89
50,news,0.43732169502029,15
50,sn,0.297218741015726,34
50,oe24,0.271706397152192,91
50,trend,0.563177618806673,6
50,tips,0.694567592236615,4
50,theguardian,0.999594458134834,6
50,fr,0.817409637120639,1
50,bild,0.448312781584961,11
50,anschlaege,0.822460321925613,1
50,nw,0.876763037603346,1
50,vol,0.413405875551512,13
50,meinbezirk,0.334692559351995,29
50,fpoefails,0.759015393954656,3
50,welt,0.341597831042347,37
50,vienna,0.521812442943452,6
50,tt,0.550128394918057,35
50,vrt,0.823023655588168,1
50,leadersnet,0.627906132207048,3
50,bvz,0.604993159261714,5
50,taz,0.502464985489485,5
50,mosaik-blog,0.520035019689087,4
50,noen,0.659631939405565,5
50,austrianaviation,0.838816440847461,1
50,industriemagazin,0.833596971244106,1
50,dasbiber,0.820614636517803,1
50,aufstehn,0.598360154977944,16
50,schlaglichter,0.789026564303022,1
50,polsatnews,0.948026244317093,1
50,nytimes,0.973358739464773,7
50,reflektive,0.810718172507936,4
50,fpoe,0.515295484753071,10
50,unhcr,0.979171619356622,4
50,stern,0.7696353173862,2
50,futurezone,0.364472426604449,12
50,5min,0.893304466615793,1
50,handelsblatt,0.344677747792433,10
50,3druck,0.854304559226566,1
50,datum,0.613080169856315,3
50,3d-grenzenlos,0.855887465340397,1
50,kathpress,0.869639294196928,4
50,parlament,0.453068943527904,37
50,niittyvirta,1,1
50,sabineschatz,0.473314042439682,17
50,weidenholzer,0.810544569304515,1
50,arbeiterkammerwahl2019,0.868334887295505,1
50,diesubstanz,0.621402950961148,15
50,falter,0.386794034410947,22
50,michaelbernhard,0.954765943856976,2
50,meineabgeordneten,0.894458597357016,1
50,bmk,0.663369799884897,4
50,ard-wien,0.666654413678568,2
50,arminwolf,0.7423288399908,1
50,arbeiterkammer,0.862312859355166,1
50,n-tv,0.63615940405101,4
50,tagesanzeiger,0.735688377937195,2
50,luzernerzeitung,0.753021928343419,2
50,addendum,0.798936538114565,1
50,epicenter,0.756563538455636,2
50,foreignpolicy,0.93324382268001,1
50,neos,0.87657177197224,4
50,tagesspiegel,0.382576316341008,7
50,app,0.728047199820192,2
50,dossier,0.6135840918266,7
50,brandrede,0.829863288487858,5
50,unzensuriert,0.485233039605653,7
50,beatemeinl,0.600958865164779,22
50,tagesschau,0.55053157393989,6
50,global2000,0.872554643900192,1
50,pinknews,1,1
50,klimareporter,0.658971381901429,3
50,agenda-austria,0.678960914481063,3
50,bizeps,0.672361489100331,4
50,gehoertgebloggt,0.502753751495629,6
50,informationsfreiheit,0.779731975282203,1
50,spoe,0.696216054565553,5
50,europa,1,2
50,fob,0.678052463244449,6
50,wiwo,0.78556419189023,1
50,zoom,0.747202136560485,1
50,pagesix,0.971064311077111,1
50,junos,0.819048553104796,1
50,rechnungshof,0.869343445501628,1
50,bazonline,0.82466917274952,3
50,prometheusinstitut,0.839921792641659,1
50,dgb,0.612318670856438,2
50,zurueckzudengruenen,0.691422441853457,4
50,der-postillon,0.749274869379726,3
50,linkedin,0.900244477588103,1
50,stopptdierechten,0.858267598409311,1
50,mymonk,0.878150552552327,1
50,beigewum,0.862693811268867,1
50,metacommunication,0.743974512666262,1
50,energypeace,0.792157560199584,1
50,ichvermeideplastik,0.858214400337613,1
50,jetzt,0.746847019791806,1
50,wikipedia,0.741900970375795,4
50,gruene,0.556650456902598,6
50,idealismprevails,0.745458871331748,1
50,msn,0.660836287636788,3
50,medico,0.835446563582973,1
50,anfdeutsch,0.799816260636283,1
50,reuters,0.976259474415367,1
50,amnesty,0.996879023432736,1
50,fairlassen,0.839496482129206,1
50,tvn,0.960131972017417,1
50,steiermark,0.911636335940728,1
50,fastcompany,1,1
50,trendingtopics,0.796616717659011,1
50,linz-gegen-rechts,0.859278638885069,1
50,armutskonferenz,0.692037012117928,2
50,ga,0.856572768041231,1
50,doew,0.819471817347901,1
50,ams,0.787105854627796,2
50,oegb,0.766079047484665,3
50,zackzack,0.638254748472701,2
50,epochtimes,0.637616382944812,4
50,ggg,0.860252752654472,1
50,boku,0.714825984628338,1
50,jungefreiheit,0.688036245551523,2
50,andreaskollross,0.710047193837443,4
50,wienerin,0.695660049006853,3
50,monatsrevue,0.749913142828429,2
50,brandstaetter-tv,0.594423550911778,4
50,vfgh,0.839408172992399,1
50,spooe,0.932050569602919,2
50,ilmanifesto,1,1
50,bka,0.858611618925801,1
50,s3.amazonaws.com,0.985771867749529,1
50,change,0.980679275573542,4
50,juedische,0.979825339290337,1
50,kinderfreunde,0.827352599705164,4
50,cnn,0.977941213359159,1
50,esiweb,0.959521888637813,1
50,focus,0.548802577466962,7
50,transatlantic-takes,0.792766433832877,1
50,rp-online,0.790219129780771,2
50,verfassungsblog,0.833185748128093,1
50,zdf,0.880506166991974,2
50,noizz,0.779303947061647,1
50,t-online,0.910425951079712,1
50,mittellaendische,0.794731603316065,1
50,dw,0.755262156439094,1
50,moment,0.643405798631088,2
50,finanzen,0.875292492436251,2
50,aidshilfe,0.892362353531423,1
50,biorama,0.83769372665805,2
50,maenner,0.869819613390871,1
50,irishtimes,0.971568113143009,1
50,wordpress,0.501925156484949,8
50,attac,0.845604614458375,1
50,elperiodico,0.954581422723083,3
50,vogue,0.918996500747233,1
50,ortneronline,0.879145828083074,1
50,newsletter2go,0.815895933150947,1
50,lgbtqnation,0.985688615972448,1
50,martinhaunschmid,0.924163970329212,2
50,wri,1,1
50,tz,0.85993305933297,1
50,srf,0.872063446243009,2
50,laola1,0.900616509544065,1
50,puls24,0.89986393171338,1
50,wien,0.731340521376082,2
50,today,1,1
50,eu2020,0.98998372384593,1
50,thehill,1,1
50,forbes,1,1
50,mannschaft,0.824283176626567,1
50,efganidoenmez,0.674109176415024,5
50,distractify,1,1
50,citizengo,0.997440176705623,5
50,sibyllehamann,0.76263124595194,2
50,falscheneun,0.858412241566566,1
50,spektrum,0.764686984841253,1
50,sektionacht,0.801160175185902,1
50,dagmar-woehrl,0.816351367386232,1
50,zeit,0.855620128325843,1
50,bmeia,1,4
50,brandeins,0.820842174248113,1
50,gudrunkugler,0.956324779303896,3
50,scihi,1,1
50,sosmitmensch,0.904215497528125,2
50,br,0.903057866818471,1
50,zurpolitik,0.832097445552111,1
50,theconversation,0.996605228200733,1
50,fischundfleisch,0.845770087857022,1
50,die-tagespost,0.858633165055983,1
50,puls4,0.879874443488445,1
50,schwaebische,0.910644574658134,1
50,kpoe,0.880929354455885,1
50,hbr,0.973580525610174,1
50,gmx,0.650305880633847,2
50,wallstreet-online,0.706366015031633,1
50,sputniknews,0.831142375313934,1
50,fb,0.82548149270506,1
50,rt,0.851965518706724,2
50,achgut,0.724502915367219,2
50,vox,1,1
50,nikischerak,0.811919603377365,1
50,express,0.991614331368496,2
50,bayernkurier,0.744599490134101,1
50,wochenblick,0.834285687925962,1
50,allesroger,0.786091223306021,1
50,faktistfakt,0.915706327729628,2
50,onlinequizcreator,0.848436603504952,1
50,erlebniszug,0.83842878311144,1
50,thetyee,0.987953416240094,1
50,erstaunlich,0.833528689246496,1
50,lopatka,0.919147922533474,1
50,boeckler,0.865975687190612,1
50,info-direkt,0.823638980273297,1
50,salzburg,0.736466101032285,1
50,gpa-djp,0.822632041778608,1
50,philosophia-perennis,0.881409446181552,1
50,bz-berlin,0.822853511793639,1
50,labournetaustria,0.977963975462296,3
50,corneliaecker,0.870861057206983,8
50,tichyseinblick,0.760899132807052,2
50,frauennetzwerk,0.747113672894732,2
50,finanzmarktwelt,0.906625498085838,2
50,pflege-professionell,0.802664620408722,1
50,treffpunkteuropa,0.89027008395213,1
50,thedailyfranz,0.776410542515726,1
50,diealternative,0.687407236733503,5
50,auge,0.858889867954004,1
50,oecd-ilibrary,0.980199346676018,1
50,mailchi,0.814253306341922,1
50,fpoe-bgld,0.859798500366547,1
50,bbc,1,1
50,rklambda,0.8614780068035,1
50,zukunftsprogramm,0.878351342487069,1
50,balkanstories,0.90209450722887,1
55,dietagespresse,0.354427001707754,39
55,awblog,0.595638339192971,13
55,ots,0.240361667624778,246
55,openpetition,0.816403390467562,10
55,spiegel,0.398235808133424,39
55,kurier,0.224269907711945,315
55,derstandard,0.330339980215356,606
55,orf,0.21232807741779,429
55,profil,0.329207032195684,50
55,queer,0.945882630821601,1
55,morgenpost,0.855409387325189,1
55,kleinezeitung,0.23750529674248,75
55,claudia-roth,0.804898438203253,1
55,sueddeutsche,0.426605488153805,36
55,heute,0.3034335788936,75
55,kontrast,0.364294390975193,41
55,ft,0.981606224953168,2
55,nachrichten,0.247564655619897,65
55,thomasrammerstorfer,0.859930133104413,1
55,republik,0.669550277025064,2
55,krone,0.220047659460647,195
55,wienerzeitung,0.25229264852366,35
55,diepresse,0.248891061787427,274
55,w24,0.795038282026702,2
55,heise,0.831248499961795,1
55,facebook,0.28511352170396,89
55,news,0.390689161410227,15
55,sn,0.31304795926995,34
55,oe24,0.285947646174523,91
55,trend,0.543962796787664,6
55,tips,0.706900721181473,4
55,theguardian,0.971766649990206,6
55,fr,0.868463685754341,1
55,bild,0.518978324747386,11
55,anschlaege,0.867942542012108,1
55,nw,0.864810375578329,1
55,vol,0.472540927470149,13
55,meinbezirk,0.392272324484472,29
55,fpoefails,0.685343834297785,3
55,welt,0.378714799128156,37
55,vienna,0.572744336394236,6
55,tt,0.565492005132736,35
55,vrt,0.877600080471947,1
55,leadersnet,0.635228291469633,3
55,bvz,0.687967883940134,5
55,taz,0.620014310779083,5
55,mosaik-blog,0.518766164014552,4
55,noen,0.612908891085409,5
55,austrianaviation,0.87182491584882,1
55,industriemagazin,0.792143247568,1
55,dasbiber,0.779648784956206,1
55,aufstehn,0.510453626148053,16
55,schlaglichter,0.804163104928366,1
55,polsatnews,0.964162644598732,1
55,nytimes,0.948672197065763,7
55,reflektive,0.883627185102282,4
55,fpoe,0.509006681920684,10
55,unhcr,0.936130833915187,4
55,stern,0.817525746766805,2
55,futurezone,0.361187386974578,12
55,5min,0.855034156601893,1
55,handelsblatt,0.449934091779361,10
55,3druck,0.913486056135381,1
55,datum,0.649135302735426,3
55,3d-grenzenlos,0.947673747764341,1
55,kathpress,0.948230376836399,4
55,parlament,0.520929530920809,37
55,niittyvirta,0.970653440067288,1
55,sabineschatz,0.51137619823357,17
55,weidenholzer,0.789662695814018,1
55,arbeiterkammerwahl2019,0.798000033794945,1
55,diesubstanz,0.53016593001144,15
55,falter,0.362294033128953,22
55,michaelbernhard,0.943347917208486,2
55,meineabgeordneten,0.894826365138589,1
55,bmk,0.74203388168325,4
55,ard-wien,0.779756828265121,2
55,arminwolf,0.843192849391071,1
55,arbeiterkammer,0.862842246803315,1
55,n-tv,0.642585866159044,4
55,tagesanzeiger,0.764681319125693,2
55,luzernerzeitung,0.771075019070907,2
55,addendum,0.756405242246062,1
55,epicenter,0.773691673880666,2
55,foreignpolicy,0.917500588351655,1
55,neos,0.892965724148702,4
55,tagesspiegel,0.485837948498698,7
55,app,0.696430250477948,2
55,dossier,0.674520012821156,7
55,brandrede,0.835365989038002,5
55,unzensuriert,0.439415985308343,7
55,beatemeinl,0.579780697974072,22
55,tagesschau,0.519076108636523,6
55,global2000,0.89631686370002,1
55,pinknews,0.981557197709078,1
55,klimareporter,0.693009845085116,3
55,agenda-austria,0.717092863904142,3
55,bizeps,0.57722939250822,4
55,gehoertgebloggt,0.523211121863346,6
55,informationsfreiheit,0.782245533941928,1
55,spoe,0.698432499925497,5
55,europa,0.981811407795714,2
55,fob,0.708786014288562,6
55,wiwo,0.789544174358663,1
55,zoom,0.760274430187349,1
55,pagesix,0.963931095774517,1
55,junos,0.792729614404529,1
55,rechnungshof,0.82019389661697,1
55,bazonline,0.860044551222652,3
55,prometheusinstitut,0.886208810532972,1
55,dgb,0.734526318103709,2
55,zurueckzudengruenen,0.685630954748526,4
55,der-postillon,0.708518159570901,3
55,linkedin,0.876742515110888,1
55,stopptdierechten,0.860329647875453,1
55,mymonk,0.873531095464514,1
55,beigewum,0.927077605183499,1
55,metacommunication,0.830062764722933,1
55,energypeace,0.869461253494744,1
55,ichvermeideplastik,0.908124604130606,1
55,jetzt,0.815921775182114,1
55,wikipedia,0.721093297509733,4
55,gruene,0.585014737094393,6
55,idealismprevails,0.798912226785395,1
55,msn,0.695199379227718,3
55,medico,0.830807719040763,1
55,anfdeutsch,0.867610628610958,1
55,reuters,0.961495414389328,1
55,amnesty,0.978178437780759,1
55,fairlassen,0.872967316261376,1
55,tvn,0.965081888181776,1
55,steiermark,0.912058061769239,1
55,fastcompany,0.974007786992174,1
55,trendingtopics,0.801166089101459,1
55,linz-gegen-rechts,0.837025208113341,1
55,armutskonferenz,0.718924898512561,2
55,ga,0.884779389001156,1
55,doew,0.843029242444963,1
55,ams,0.772477236187374,2
55,oegb,0.698054425764803,3
55,zackzack,0.706223796031031,2
55,epochtimes,0.656318677137763,4
55,ggg,0.812932813408212,1
55,boku,0.742770839852044,1
55,jungefreiheit,0.749336887546061,2
55,andreaskollross,0.667352688659548,4
55,wienerin,0.727612986410034,3
55,monatsrevue,0.742758134140061,2
55,brandstaetter-tv,0.637433316956111,4
55,vfgh,0.827939263717573,1
55,spooe,0.944586568217905,2
55,ilmanifesto,0.981484076570367,1
55,bka,0.879583692107002,1
55,s3.amazonaws.com,0.978645378752343,1
55,change,0.920853628224641,4
55,juedische,0.965462528666936,1
55,kinderfreunde,0.784864630552538,4
55,cnn,0.963159214110708,1
55,esiweb,0.939872940356975,1
55,focus,0.596755263934663,7
55,transatlantic-takes,0.814970396249012,1
55,rp-online,0.799232306638005,2
55,verfassungsblog,0.823073942403138,1
55,zdf,0.861386323882964,2
55,noizz,0.82783116362042,1
55,t-online,0.902794738081011,1
55,mittellaendische,0.772976630879762,1
55,dw,0.786016943201763,1
55,moment,0.695110861884499,2
55,finanzen,0.870502877537376,2
55,aidshilfe,0.827166321163328,1
55,biorama,0.900163418188399,2
55,maenner,0.853305290087078,1
55,irishtimes,0.957061572210797,1
55,wordpress,0.570128221475372,8
55,attac,0.793373873887543,1
55,elperiodico,0.98093281106563,3
55,vogue,0.918628902930357,1
55,ortneronline,0.895329524429449,1
55,newsletter2go,0.853409875794326,1
55,lgbtqnation,0.963226522100812,1
55,martinhaunschmid,0.979728376951359,2
55,wri,0.981530423185473,1
55,tz,0.908437434539185,1
55,srf,0.897097818548147,2
55,laola1,0.916658551096979,1
55,puls24,0.893544961637344,1
55,wien,0.766679986239855,2
55,today,0.965990695666736,1
55,eu2020,0.981542834554928,1
55,thehill,0.963338781702898,1
55,forbes,0.979668252324111,1
55,mannschaft,0.818321075055607,1
55,efganidoenmez,0.72810477501309,5
55,distractify,0.981606917722636,1
55,citizengo,0.991269189284861,5
55,sibyllehamann,0.775324551690395,2
55,falscheneun,0.90321548932322,1
55,spektrum,0.826148013034272,1
55,sektionacht,0.796743499496174,1
55,dagmar-woehrl,0.816178377803055,1
55,zeit,0.883637564342542,1
55,bmeia,0.982155451219684,4
55,brandeins,0.808150945468442,1
55,gudrunkugler,0.985235729058471,3
55,scihi,0.981543389151352,1
55,sosmitmensch,0.927662413265999,2
55,br,0.932447921942186,1
55,zurpolitik,0.83498302009138,1
55,theconversation,0.981547710677639,1
55,fischundfleisch,0.78935032961652,1
55,die-tagespost,0.858746605867318,1
55,puls4,0.817703256681006,1
55,schwaebische,0.929797178160852,1
55,kpoe,0.777289186418907,1
55,hbr,0.974097871400777,1
55,gmx,0.655351121616631,2
55,wallstreet-online,0.753862804508566,1
55,sputniknews,0.828773064033775,1
55,fb,0.792612906402308,1
55,rt,0.836635649575044,2
55,achgut,0.719485214950567,2
55,vox,0.981484573084538,1
55,nikischerak,0.81626038636243,1
55,express,0.965121873651911,2
55,bayernkurier,0.737131977407843,1
55,wochenblick,0.829582255751507,1
55,allesroger,0.759676607034269,1
55,faktistfakt,0.942629147512624,2
55,onlinequizcreator,0.890126830223279,1
55,erlebniszug,0.84378229740792,1
55,thetyee,0.974809766458982,1
55,erstaunlich,0.821254050959437,1
55,lopatka,0.900457489994232,1
55,boeckler,0.835032969653269,1
55,info-direkt,0.874476952630953,1
55,salzburg,0.779525709915663,1
55,gpa-djp,0.864928224436904,1
55,philosophia-perennis,0.875775724947512,1
55,bz-berlin,0.858333732310999,1
55,labournetaustria,0.954993124727184,3
55,corneliaecker,0.859994715182417,8
55,tichyseinblick,0.797355515513642,2
55,frauennetzwerk,0.730458650400685,2
55,finanzmarktwelt,0.923299080398108,2
55,pflege-professionell,0.825804421421357,1
55,treffpunkteuropa,0.898886727456753,1
55,thedailyfranz,0.830760605355792,1
55,diealternative,0.717961783105869,5
55,auge,0.866695932234424,1
55,oecd-ilibrary,0.981678327684203,1
55,mailchi,0.889823396915949,1
55,fpoe-bgld,0.892081855278592,1
55,bbc,0.98156369506676,1
55,rklambda,0.83772378690964,1
55,zukunftsprogramm,0.891557809193372,1
55,balkanstories,0.89765656671614,1
60,dietagespresse,0.347700339279671,39
60,awblog,0.613848527474274,13
60,ots,0.249029071660374,246
60,openpetition,0.819415134665938,10
60,spiegel,0.348223659838378,39
60,kurier,0.223184620071713,315
60,derstandard,0.328951780354399,606
60,orf,0.208942764389797,429
60,profil,0.300260502187225,50
60,queer,0.967127284704405,1
60,morgenpost,0.875822796077171,1
60,kleinezeitung,0.256914881217101,75
60,claudia-roth,0.75420418813909,1
60,sueddeutsche,0.405610367806291,36
60,heute,0.297018136602553,75
60,kontrast,0.3546200257133,41
60,ft,0.96648197214581,2
60,nachrichten,0.300637274616877,65
60,thomasrammerstorfer,0.803136163392883,1
60,republik,0.706623358248032,2
60,krone,0.230322476800426,195
60,wienerzeitung,0.330357801912023,35
60,diepresse,0.224716761718668,274
60,w24,0.856377917197927,2
60,heise,0.882829802259341,1
60,facebook,0.265430848992699,89
60,news,0.407560794607223,15
60,sn,0.271956155182099,34
60,oe24,0.308582605935697,91
60,trend,0.561447731634553,6
60,tips,0.635823213120619,4
60,theguardian,0.982640807850842,6
60,fr,0.877123855609564,1
60,bild,0.502690073435183,11
60,anschlaege,0.798365011869442,1
60,nw,0.841205112657205,1
60,vol,0.477459073910547,13
60,meinbezirk,0.379645988554188,29
60,fpoefails,0.822045513338771,3
60,welt,0.341832345087343,37
60,vienna,0.551106339596079,6
60,tt,0.600093229564337,35
60,vrt,0.845905869316781,1
60,leadersnet,0.753347758378329,3
60,bvz,0.713330873306504,5
60,taz,0.610830646115278,5
60,mosaik-blog,0.536570786552835,4
60,noen,0.683524861266527,5
60,austrianaviation,0.886411503586175,1
60,industriemagazin,0.819038957514029,1
60,dasbiber,0.760970375014367,1
60,aufstehn,0.594840713894484,16
60,schlaglichter,0.788972194062024,1
60,polsatnews,0.983883168323858,1
60,nytimes,0.936329814206995,7
60,reflektive,0.879449311876585,4
60,fpoe,0.557714331778874,10
60,unhcr,0.964708509375174,4
60,stern,0.778234757215098,2
60,futurezone,0.46135926048934,12
60,5min,0.906654105488116,1
60,handelsblatt,0.503336902310946,10
60,3druck,0.879113439042877,1
60,datum,0.681163558430792,3
60,3d-grenzenlos,0.926554502583179,1
60,kathpress,0.917243733007437,4
60,parlament,0.455362655442002,37
60,niittyvirta,0.98320134984749,1
60,sabineschatz,0.51439271889877,17
60,weidenholzer,0.78923892975119,1
60,arbeiterkammerwahl2019,0.883802015372411,1
60,diesubstanz,0.613052431944706,15
60,falter,0.383841313300171,22
60,michaelbernhard,0.941609012820927,2
60,meineabgeordneten,0.878732535696517,1
60,bmk,0.802793129676216,4
60,ard-wien,0.743267761368498,2
60,arminwolf,0.80237444431472,1
60,arbeiterkammer,0.872951199558362,1
60,n-tv,0.654319836795929,4
60,tagesanzeiger,0.750774885703571,2
60,luzernerzeitung,0.850861623218843,2
60,addendum,0.765116148841074,1
60,epicenter,0.705115190873036,2
60,foreignpolicy,0.92726982655231,1
60,neos,0.886303221126917,4
60,tagesspiegel,0.434670248275549,7
60,app,0.72875204476444,2
60,dossier,0.665050207923377,7
60,brandrede,0.828385866737387,5
60,unzensuriert,0.53357429243651,7
60,beatemeinl,0.611063627278485,22
60,tagesschau,0.573802774694137,6
60,global2000,0.916589496304422,1
60,pinknews,0.983198471834981,1
60,klimareporter,0.722663670078467,3
60,agenda-austria,0.716186341936547,3
60,bizeps,0.589299280926326,4
60,gehoertgebloggt,0.476457551402906,6
60,informationsfreiheit,0.801149605456426,1
60,spoe,0.755846356593362,5
60,europa,0.983166310541341,2
60,fob,0.686402023917752,6
60,wiwo,0.823340190762325,1
60,zoom,0.720782888110471,1
60,pagesix,0.983072621220173,1
60,junos,0.819131882100156,1
60,rechnungshof,0.881782294309716,1
60,bazonline,0.886052594709916,3
60,prometheusinstitut,0.861884785181152,1
60,dgb,0.658994085454356,2
60,zurueckzudengruenen,0.666484220927514,4
60,der-postillon,0.721125231036636,3
60,linkedin,0.901378738422024,1
60,stopptdierechten,0.847303277891964,1
60,mymonk,0.864920405391949,1
60,beigewum,0.903082697932784,1
60,metacommunication,0.831486509279384,1
60,energypeace,0.851792030374994,1
60,ichvermeideplastik,0.849978406552117,1
60,jetzt,0.847509729730937,1
60,wikipedia,0.689585936430611,4
60,gruene,0.58684744866271,6
60,idealismprevails,0.787320944600972,1
60,msn,0.765990953177164,3
60,medico,0.847630341873631,1
60,anfdeutsch,0.83300334800266,1
60,reuters,0.966349519631067,1
60,amnesty,0.983173290793475,1
60,fairlassen,0.855933662348001,1
60,tvn,0.983929983353442,1
60,steiermark,0.882496551467349,1
60,fastcompany,0.983204257850558,1
60,trendingtopics,0.86008300491507,1
60,linz-gegen-rechts,0.805860223561326,1
60,armutskonferenz,0.757164576081819,2
60,ga,0.843259173642186,1
60,doew,0.889620567246537,1
60,ams,0.823695365189578,2
60,oegb,0.759071291375187,3
60,zackzack,0.740327552771761,2
60,epochtimes,0.61975596869486,4
60,ggg,0.810270769064381,1
60,boku,0.77284793473925,1
60,jungefreiheit,0.734389168577075,2
60,andreaskollross,0.656566975750247,4
60,wienerin,0.662037645327405,3
60,monatsrevue,0.783041607050545,2
60,brandstaetter-tv,0.609935989091238,4
60,vfgh,0.847967953429269,1
60,spooe,0.885391701297201,2
60,ilmanifesto,0.978566883120496,1
60,bka,0.829512584752635,1
60,s3.amazonaws.com,0.983195749822041,1
60,change,0.946257365748064,4
60,juedische,0.983147744714343,1
60,kinderfreunde,0.791051266095788,4
60,cnn,0.966261715961049,1
60,esiweb,0.937621981855823,1
60,focus,0.547263561740655,7
60,transatlantic-takes,0.84140583599874,1
60,rp-online,0.745193943530566,2
60,verfassungsblog,0.823766077727464,1
60,zdf,0.828273794566405,2
60,noizz,0.833836736452764,1
60,t-online,0.883248174025836,1
60,mittellaendische,0.824587552647471,1
60,dw,0.780707353271568,1
60,moment,0.64347278793504,2
60,finanzen,0.854260740448232,2
60,aidshilfe,0.878121553067453,1
60,biorama,0.910923096666668,2
60,maenner,0.843841068807526,1
60,irishtimes,0.96623164171766,1
60,wordpress,0.537618103347409,8
60,attac,0.77384271530721,1
60,elperiodico,0.970488369559561,3
60,vogue,0.915781871164869,1
60,ortneronline,0.916614376904762,1
60,newsletter2go,0.838039037033189,1
60,lgbtqnation,0.951959087030285,1
60,martinhaunschmid,0.929325646415713,2
60,wri,0.983254431480051,1
60,tz,0.893120555941568,1
60,srf,0.888558195268317,2
60,laola1,0.899439474173079,1
60,puls24,0.912431130548426,1
60,wien,0.715210651621188,2
60,today,0.951666129833393,1
60,eu2020,0.981247026003803,1
60,thehill,0.969767131183305,1
60,forbes,0.978678829618416,1
60,mannschaft,0.838147124984859,1
60,efganidoenmez,0.782212799219825,5
60,distractify,0.983129431738735,1
60,citizengo,1,5
60,sibyllehamann,0.787081510616963,2
60,falscheneun,0.888333346944033,1
60,spektrum,0.806945893271866,1
60,sektionacht,0.854088829424592,1
60,dagmar-woehrl,0.814807289820574,1
60,zeit,0.929546563438318,1
60,bmeia,1,4
60,brandeins,0.788901290771941,1
60,gudrunkugler,0.954323690508686,3
60,scihi,0.983192482039706,1
60,sosmitmensch,0.98416946619343,2
60,br,0.883110594756068,1
60,zurpolitik,0.83196212530516,1
60,theconversation,0.983256905140561,1
60,fischundfleisch,0.833688958905206,1
60,die-tagespost,0.826458076547429,1
60,puls4,0.883570018578271,1
60,schwaebische,0.951398143359945,1
60,kpoe,0.865995390540634,1
60,hbr,0.983071001041974,1
60,gmx,0.635969109622448,2
60,wallstreet-online,0.737321494284916,1
60,sputniknews,0.844105168323285,1
60,fb,0.856639838623111,1
60,rt,0.813378963968794,2
60,achgut,0.720486040150516,2
60,vox,0.983201080968531,1
60,nikischerak,0.788815415719347,1
60,express,0.981292181264409,2
60,bayernkurier,0.74766033290017,1
60,wochenblick,0.837284255371627,1
60,allesroger,0.737083830858003,1
60,faktistfakt,0.945947580778919,2
60,onlinequizcreator,0.854507409691177,1
60,erlebniszug,0.899013428204069,1
60,thetyee,0.983176625300428,1
60,erstaunlich,0.84826412349485,1
60,lopatka,0.882505479828393,1
60,boeckler,0.889681937226136,1
60,info-direkt,0.82576357932688,1
60,salzburg,0.790299235917378,1
60,gpa-djp,0.838140565990821,1
60,philosophia-perennis,0.860183420562841,1
60,bz-berlin,0.849122226536005,1
60,labournetaustria,0.960452791370662,3
60,corneliaecker,0.889365413858851,8
60,tichyseinblick,0.754634424636001,2
60,frauennetzwerk,0.710369819828312,2
60,finanzmarktwelt,0.937697092330107,2
60,pflege-professionell,0.834035754167274,1
60,treffpunkteuropa,0.91130244195396,1
60,thedailyfranz,0.803255216084833,1
60,diealternative,0.731365134389553,5
60,auge,0.900310028431033,1
60,oecd-ilibrary,0.983569385203915,1
60,mailchi,0.853600480102628,1
60,fpoe-bgld,0.883968827260857,1
60,bbc,0.983266763840295,1
60,rklambda,0.875588957500754,1
60,zukunftsprogramm,0.906341974611753,1
60,balkanstories,0.866869733662573,1
65,dietagespresse,0.325487194364244,39
65,awblog,0.570665287628992,13
65,ots,0.26839510895448,246
65,openpetition,0.82085082147098,10
65,spiegel,0.433652067665819,39
65,kurier,0.22633622005713,315
65,derstandard,0.344752202337358,606
65,orf,0.227778767217788,429
65,profil,0.275923111220658,50
65,queer,0.955152897751084,1
65,morgenpost,0.902224376307015,1
65,kleinezeitung,0.224320020400265,75
65,claudia-roth,0.804034245200016,1
65,sueddeutsche,0.445441792034189,36
65,heute,0.315450596832836,75
65,kontrast,0.348430983333176,41
65,ft,0.984666925849025,2
65,nachrichten,0.259090458010266,65
65,thomasrammerstorfer,0.832421309465024,1
65,republik,0.669404558814739,2
65,krone,0.222465778662847,195
65,wienerzeitung,0.30628863396122,35
65,diepresse,0.2292655761649,274
65,w24,0.8297615156278,2
65,heise,0.813996287812079,1
65,facebook,0.264675038734087,89
65,news,0.399638321314722,15
65,sn,0.309918236908237,34
65,oe24,0.283778769506108,91
65,trend,0.615821736496133,6
65,tips,0.647960016279591,4
65,theguardian,0.984412197209394,6
65,fr,0.84908094791556,1
65,bild,0.456598419936776,11
65,anschlaege,0.83223318938162,1
65,nw,0.837879835810699,1
65,vol,0.510347082221891,13
65,meinbezirk,0.371726698766625,29
65,fpoefails,0.78030825490192,3
65,welt,0.35302101380145,37
65,vienna,0.648171452043135,6
65,tt,0.58350176148874,35
65,vrt,0.891614371408918,1
65,leadersnet,0.744140212157681,3
65,bvz,0.683846650362038,5
65,taz,0.563300577565112,5
65,mosaik-blog,0.583257838469896,4
65,noen,0.681440958601525,5
65,austrianaviation,0.924750393246963,1
65,industriemagazin,0.813861977280177,1
65,dasbiber,0.751651935553279,1
65,aufstehn,0.629607041923132,16
65,schlaglichter,0.80715517385498,1
65,polsatnews,0.985069075220731,1
65,nytimes,0.958856553862204,7
65,reflektive,0.900161893227822,4
65,fpoe,0.449760186367298,10
65,unhcr,0.968819848919334,4
65,stern,0.838712536933006,2
65,futurezone,0.391577566567142,12
65,5min,0.893417624251617,1
65,handelsblatt,0.473726697264199,10
65,3druck,0.904574159013815,1
65,datum,0.72046858717229,3
65,3d-grenzenlos,0.954874251767768,1
65,kathpress,0.924396036632679,4
65,parlament,0.483095875169277,37
65,niittyvirta,0.984645107153143,1
65,sabineschatz,0.541693111315109,17
65,weidenholzer,0.806482676433986,1
65,arbeiterkammerwahl2019,0.820377784231286,1
65,diesubstanz,0.574194469061234,15
65,falter,0.447469742547133,22
65,michaelbernhard,0.965018624875032,2
65,meineabgeordneten,0.878612607208602,1
65,bmk,0.743905745976809,4
65,ard-wien,0.75672019719447,2
65,arminwolf,0.826690078686078,1
65,arbeiterkammer,0.892407296043758,1
65,n-tv,0.673874497603087,4
65,tagesanzeiger,0.731226159199225,2
65,luzernerzeitung,0.797689185832672,2
65,addendum,0.822905392639538,1
65,epicenter,0.70833938626331,2
65,foreignpolicy,0.89587960086125,1
65,neos,0.890261503932094,4
65,tagesspiegel,0.491525588224981,7
65,app,0.739612408612383,2
65,dossier,0.628079526566109,7
65,brandrede,0.846185589576905,5
65,unzensuriert,0.489958691984741,7
65,beatemeinl,0.564095005818237,22
65,tagesschau,0.502549414120377,6
65,global2000,0.908774648599088,1
65,pinknews,0.984503468763307,1
65,klimareporter,0.742650849040126,3
65,agenda-austria,0.759263089633769,3
65,bizeps,0.597786413927629,4
65,gehoertgebloggt,0.543485210257537,6
65,informationsfreiheit,0.781023148508225,1
65,spoe,0.671725285294486,5
65,europa,0.984425075899942,2
65,fob,0.689371320543219,6
65,wiwo,0.875758434496187,1
65,zoom,0.755702598812397,1
65,pagesix,0.977615687777631,1
65,junos,0.869744977026906,1
65,rechnungshof,0.868861246083624,1
65,bazonline,0.875017191139436,3
65,prometheusinstitut,0.862286980690092,1
65,dgb,0.693674216763029,2
65,zurueckzudengruenen,0.722763654128339,4
65,der-postillon,0.734886083411932,3
65,linkedin,0.896661239757607,1
65,stopptdierechten,0.844640109811053,1
65,mymonk,0.893106855192879,1
65,beigewum,0.886021349618337,1
65,metacommunication,0.784194750246545,1
65,energypeace,0.870798587122705,1
65,ichvermeideplastik,0.892268513113837,1
65,jetzt,0.829670811590573,1
65,wikipedia,0.803098463873858,4
65,gruene,0.605142083668457,6
65,idealismprevails,0.816104601601849,1
65,msn,0.757372675984572,3
65,medico,0.799397503671698,1
65,anfdeutsch,0.865138479512724,1
65,reuters,0.953406075039698,1
65,amnesty,0.984584845821717,1
65,fairlassen,0.877346173368637,1
65,tvn,0.985219205530437,1
65,steiermark,0.87751552943581,1
65,fastcompany,0.978304962545057,1
65,trendingtopics,0.86211941411127,1
65,linz-gegen-rechts,0.874255751568619,1
65,armutskonferenz,0.756657675141415,2
65,ga,0.868574627953096,1
65,doew,0.830438009149984,1
65,ams,0.827094071878521,2
65,oegb,0.712966911882918,3
65,zackzack,0.704357965787464,2
65,epochtimes,0.58854964049782,4
65,ggg,0.830313755379133,1
65,boku,0.774481001701004,1
65,jungefreiheit,0.791749773226113,2
65,andreaskollross,0.706364357541078,4
65,wienerin,0.691426174111873,3
65,monatsrevue,0.786724586148222,2
65,brandstaetter-tv,0.622952408730938,4
65,vfgh,0.902839677114302,1
65,spooe,0.885435082808084,2
65,ilmanifesto,0.984447643933389,1
65,bka,0.892284372838601,1
65,s3.amazonaws.com,0.984514157152991,1
65,change,0.945960034669162,4
65,juedische,0.984378873983454,1
65,kinderfreunde,0.781829510188613,4
65,cnn,0.96901500036029,1
65,esiweb,0.948584805956144,1
65,focus,0.622322111471676,7
65,transatlantic-takes,0.83527039992177,1
65,rp-online,0.742277896656549,2
65,verfassungsblog,0.846698095891965,1
65,zdf,0.866390308105442,2
65,noizz,0.832873379686896,1
65,t-online,0.892923890282214,1
65,mittellaendische,0.78053200030022,1
65,dw,0.799305050170063,1
65,moment,0.715050850428331,2
65,finanzen,0.869971829813182,2
65,aidshilfe,0.848332981819487,1
65,biorama,0.871773802271031,2
65,maenner,0.860589806101923,1
65,irishtimes,0.980135016558332,1
65,wordpress,0.524438932065906,8
65,attac,0.826133055202828,1
65,elperiodico,0.993133939528894,3
65,vogue,0.891349222582741,1
65,ortneronline,0.923123866504048,1
65,newsletter2go,0.834078816129905,1
65,lgbtqnation,0.968975311722143,1
65,martinhaunschmid,0.950118734714297,2
65,wri,0.984498451694123,1
65,tz,0.892681609840548,1
65,srf,0.929378660773724,2
65,laola1,0.892666075257216,1
65,puls24,0.909402351679248,1
65,wien,0.762422190194202,2
65,today,0.984410696448102,1
65,eu2020,0.984699265544268,1
65,thehill,0.984425012206861,1
65,forbes,0.984577072600244,1
65,mannschaft,0.859374434822053,1
65,efganidoenmez,0.733697072479701,5
65,distractify,0.984414730807164,1
65,citizengo,0.99118808837462,5
65,sibyllehamann,0.79567939251057,2
65,falscheneun,0.891430201307913,1
65,spektrum,0.83777491614873,1
65,sektionacht,0.824082157858048,1
65,dagmar-woehrl,0.869397314960148,1
65,zeit,0.931905629929426,1
65,bmeia,0.976454585251089,4
65,brandeins,0.772417360622188,1
65,gudrunkugler,1,3
65,scihi,0.984424251969136,1
65,sosmitmensch,0.914231398726413,2
65,br,0.923778882446484,1
65,zurpolitik,0.860496782324089,1
65,theconversation,0.984554244675313,1
65,fischundfleisch,0.803802902803704,1
65,die-tagespost,0.767130843965114,1
65,puls4,0.833156212996403,1
65,schwaebische,0.932079331348688,1
65,kpoe,0.864005299792434,1
65,hbr,0.984376108286271,1
65,gmx,0.693030381568247,2
65,wallstreet-online,0.773695654001663,1
65,sputniknews,0.875913240520235,1
65,fb,0.838311000153118,1
65,rt,0.888993011023363,2
65,achgut,0.733805135864977,2
65,vox,0.984514741212186,1
65,nikischerak,0.787380905718824,1
65,express,0.98453329162753,2
65,bayernkurier,0.776488232480547,1
65,wochenblick,0.845396469560337,1
65,allesroger,0.767348524219973,1
65,faktistfakt,0.949160002104346,2
65,onlinequizcreator,0.891820085657409,1
65,erlebniszug,0.871712080231414,1
65,thetyee,0.970396424632987,1
65,erstaunlich,0.876846303362662,1
65,lopatka,0.891812596377688,1
65,boeckler,0.819120114056237,1
65,info-direkt,0.853488858163446,1
65,salzburg,0.774690994911816,1
65,gpa-djp,0.860258794034357,1
65,philosophia-perennis,0.884703282926321,1
65,bz-berlin,0.87551488062091,1
65,labournetaustria,0.979818080406774,3
65,corneliaecker,0.885663873266832,8
65,tichyseinblick,0.794743252968455,2
65,frauennetzwerk,0.758733432641004,2
65,finanzmarktwelt,0.965422111828895,2
65,pflege-professionell,0.80228699051135,1
65,treffpunkteuropa,0.85284107542508,1
65,thedailyfranz,0.836202245977827,1
65,diealternative,0.701876994097703,5
65,auge,0.897877265751393,1
65,oecd-ilibrary,1,1
65,mailchi,0.866241777571132,1
65,fpoe-bgld,0.849336552886259,1
65,bbc,0.984434982257907,1
65,rklambda,0.836819495766406,1
65,zukunftsprogramm,0.916828692779031,1
65,balkanstories,0.89193520661877,1
70,dietagespresse,0.373470749017477,39
70,awblog,0.573191773965612,13
70,ots,0.261699749462454,246
70,openpetition,0.852985438895533,10
70,spiegel,0.415803377431553,39
70,kurier,0.213770943402456,315
70,derstandard,0.342449103944074,606
70,orf,0.237213393291528,429
70,profil,0.305935247227556,50
70,queer,0.972792152709099,1
70,morgenpost,0.902127236460181,1
70,kleinezeitung,0.290248607710876,75
70,claudia-roth,0.805899318820419,1
70,sueddeutsche,0.452418631782781,36
70,heute,0.289909136328429,75
70,kontrast,0.341699849738588,41
70,ft,0.967968927785824,2
70,nachrichten,0.297721979195557,65
70,thomasrammerstorfer,0.889356160124583,1
70,republik,0.704095129699856,2
70,krone,0.230882365560072,195
70,wienerzeitung,0.282524581462073,35
70,diepresse,0.243392624239699,274
70,w24,0.792636844507665,2
70,heise,0.828049651268347,1
70,facebook,0.285852095299501,89
70,news,0.421335693127597,15
70,sn,0.357928980179483,34
70,oe24,0.292293615819304,91
70,trend,0.608315295829452,6
70,tips,0.733454527111257,4
70,theguardian,0.969430399731223,6
70,fr,0.894441070155035,1
70,bild,0.507036986708267,11
70,anschlaege,0.885178113742421,1
70,nw,0.856019828838652,1
70,vol,0.425786178923133,13
70,meinbezirk,0.371129418179348,29
70,fpoefails,0.801774535007512,3
70,welt,0.370479410260224,37
70,vienna,0.597204881933995,6
70,tt,0.627430966543936,35
70,vrt,0.887175121762639,1
70,leadersnet,0.744810208619838,3
70,bvz,0.664394068743588,5
70,taz,0.620104035478565,5
70,mosaik-blog,0.572819380738284,4
70,noen,0.709156597850611,5
70,austrianaviation,0.880500584879811,1
70,industriemagazin,0.812813308169529,1
70,dasbiber,0.837269830890822,1
70,aufstehn,0.589287767422022,16
70,schlaglichter,0.793673601832797,1
70,polsatnews,0.986090127109501,1
70,nytimes,0.95306613605617,7
70,reflektive,0.875302091045364,4
70,fpoe,0.58063160720052,10
70,unhcr,0.956840460469299,4
70,stern,0.777535242246559,2
70,futurezone,0.381610141290398,12
70,5min,0.914511467913971,1
70,handelsblatt,0.478800126117757,10
70,3druck,0.91139445640001,1
70,datum,0.626633367627067,3
70,3d-grenzenlos,0.920387364761329,1
70,kathpress,0.938497438025629,4
70,parlament,0.526772902599625,37
70,niittyvirta,0.971729431591622,1
70,sabineschatz,0.508456854661435,17
70,weidenholzer,0.793058744724474,1
70,arbeiterkammerwahl2019,0.872283665951926,1
70,diesubstanz,0.585526094279844,15
70,falter,0.48178347817419,22
70,michaelbernhard,0.94955459541565,2
70,meineabgeordneten,0.91036146080061,1
70,bmk,0.798777973126586,4
70,ard-wien,0.736834903978691,2
70,arminwolf,0.795798682128852,1
70,arbeiterkammer,0.863559701467403,1
70,n-tv,0.717286972764616,4
70,tagesanzeiger,0.792611173081472,2
70,luzernerzeitung,0.858587727545659,2
70,addendum,0.772848298168728,1
70,epicenter,0.740096965233215,2
70,foreignpolicy,0.938910742369795,1
70,neos,0.904886111581431,4
70,tagesspiegel,0.44900856463466,7
70,app,0.71445864349396,2
70,dossier,0.623800302921548,7
70,brandrede,0.856709139552501,5
70,unzensuriert,0.545724542730017,7
70,beatemeinl,0.580101200698494,22
70,tagesschau,0.576477764594165,6
70,global2000,0.924208766593773,1
70,pinknews,0.971355881337421,1
70,klimareporter,0.708299058671216,3
70,agenda-austria,0.742874985349832,3
70,bizeps,0.653400221467179,4
70,gehoertgebloggt,0.515009542909037,6
70,informationsfreiheit,0.824584452892877,1
70,spoe,0.692485112406315,5
70,europa,0.972009085089797,2
70,fob,0.733397002184371,6
70,wiwo,0.882511140160146,1
70,zoom,0.799357952330839,1
70,pagesix,0.959660680023735,1
70,junos,0.787657790427054,1
70,rechnungshof,0.883575125606745,1
70,bazonline,0.899803176555123,3
70,prometheusinstitut,0.854038773705384,1
70,dgb,0.7016250856055,2
70,zurueckzudengruenen,0.720635461136926,4
70,der-postillon,0.810271831639972,3
70,linkedin,0.906930607829018,1
70,stopptdierechten,0.886919121332342,1
70,mymonk,0.878174444964263,1
70,beigewum,0.917436198825983,1
70,metacommunication,0.835865197737806,1
70,energypeace,0.835234237128378,1
70,ichvermeideplastik,0.841801471108859,1
70,jetzt,0.82904342840605,1
70,wikipedia,0.727196110654874,4
70,gruene,0.589163879139768,6
70,idealismprevails,0.816262692671797,1
70,msn,0.747336050496722,3
70,medico,0.872093484462438,1
70,anfdeutsch,0.881857079134956,1
70,reuters,0.956850764598068,1
70,amnesty,0.97127368285056,1
70,fairlassen,0.86670026202314,1
70,tvn,0.97323868049663,1
70,steiermark,0.858706246169135,1
70,fastcompany,0.985638148528642,1
70,trendingtopics,0.85487429306872,1
70,linz-gegen-rechts,0.794887442327829,1
70,armutskonferenz,0.754321364010429,2
70,ga,0.863928281990464,1
70,doew,0.888190880559732,1
70,ams,0.851770692609199,2
70,oegb,0.751888443359774,3
70,zackzack,0.742213637730441,2
70,epochtimes,0.719225973479116,4
70,ggg,0.844428105217931,1
70,boku,0.807942580066283,1
70,jungefreiheit,0.79182150183341,2
70,andreaskollross,0.706492394587791,4
70,wienerin,0.725108077493937,3
70,monatsrevue,0.779040334016609,2
70,brandstaetter-tv,0.659988582085282,4
70,vfgh,0.856792278320659,1
70,spooe,0.907550861352358,2
70,ilmanifesto,0.971261576613368,1
70,bka,0.874844811187643,1
70,s3.amazonaws.com,0.971076475139158,1
70,change,0.943489536875388,4
70,juedische,0.971354276175471,1
70,kinderfreunde,0.72810047092085,4
70,cnn,0.956781478802085,1
70,esiweb,0.94051922459532,1
70,focus,0.608628558208165,7
70,transatlantic-takes,0.799353950407408,1
70,rp-online,0.820459275646462,2
70,verfassungsblog,0.809128810945941,1
70,zdf,0.854867819391363,2
70,noizz,0.854225529649053,1
70,t-online,0.942876540234869,1
70,mittellaendische,0.842457309839423,1
70,dw,0.797222744418088,1
70,moment,0.659729497996618,2
70,finanzen,0.922094243911342,2
70,aidshilfe,0.894659546062239,1
70,biorama,0.941942198582774,2
70,maenner,0.891973521408297,1
70,irishtimes,0.954890038081255,1
70,wordpress,0.613785892807006,8
70,attac,0.818802283330996,1
70,elperiodico,0.983471300481706,3
70,vogue,0.856495301369469,1
70,ortneronline,0.928957804068719,1
70,newsletter2go,0.861898147670748,1
70,lgbtqnation,0.956859288587338,1
70,martinhaunschmid,0.95254371585826,2
70,wri,0.971558805631365,1
70,tz,0.930603019471654,1
70,srf,0.892229679723267,2
70,laola1,0.885025193769008,1
70,puls24,0.893782276210687,1
70,wien,0.836307877005022,2
70,today,0.971293315873413,1
70,eu2020,0.971675575673015,1
70,thehill,0.971076062898046,1
70,forbes,0.971125032084429,1
70,mannschaft,0.856860321041498,1
70,efganidoenmez,0.701242533483049,5
70,distractify,0.971294365640663,1
70,citizengo,1,5
70,sibyllehamann,0.734585565360149,2
70,falscheneun,0.928050796486168,1
70,spektrum,0.834956823324814,1
70,sektionacht,0.852458116076311,1
70,dagmar-woehrl,0.863745687137834,1
70,zeit,0.90730508040606,1
70,bmeia,0.984919901931721,4
70,brandeins,0.784451600763535,1
70,gudrunkugler,0.967363244135093,3
70,scihi,0.968841793661151,1
70,sosmitmensch,0.969207747907443,2
70,br,0.913957762319806,1
70,zurpolitik,0.836042314319126,1
70,theconversation,0.974419191687007,1
70,fischundfleisch,0.816277070060556,1
70,die-tagespost,0.868964958514997,1
70,puls4,0.872171957128244,1
70,schwaebische,0.958540143800784,1
70,kpoe,0.867326304550421,1
70,hbr,0.967196538630141,1
70,gmx,0.759059127506923,2
70,wallstreet-online,0.68784103408006,1
70,sputniknews,0.846767578138404,1
70,fb,0.85610792752859,1
70,rt,0.863229299578599,2
70,achgut,0.687579420522924,2
70,vox,0.971388521422359,1
70,nikischerak,0.823409687308,1
70,express,0.964472804003229,2
70,bayernkurier,0.805906037252378,1
70,wochenblick,0.816333183679598,1
70,allesroger,0.754877042473087,1
70,faktistfakt,0.925861114232428,2
70,onlinequizcreator,0.903068008269561,1
70,erlebniszug,0.898750803878555,1
70,thetyee,0.971318941302952,1
70,erstaunlich,0.857863967185657,1
70,lopatka,0.91418749735239,1
70,boeckler,0.88375609312526,1
70,info-direkt,0.847306653298954,1
70,salzburg,0.797910131147957,1
70,gpa-djp,0.869459478886026,1
70,philosophia-perennis,0.856112049790739,1
70,bz-berlin,0.81405828801796,1
70,labournetaustria,0.972089837079027,3
70,corneliaecker,0.920711551983805,8
70,tichyseinblick,0.742762733352352,2
70,frauennetzwerk,0.729973783073454,2
70,finanzmarktwelt,0.952749418385612,2
70,pflege-professionell,0.797364735532135,1
70,treffpunkteuropa,0.877638613277946,1
70,thedailyfranz,0.808857811787498,1
70,diealternative,0.739221425283274,5
70,auge,0.914221083247342,1
70,oecd-ilibrary,0.986080972096719,1
70,mailchi,0.852133918014902,1
70,fpoe-bgld,0.858863893813933,1
70,bbc,0.971139120685971,1
70,rklambda,0.846978262302177,1
70,zukunftsprogramm,0.909882925616736,1
70,balkanstories,0.885288260537107,1
75,dietagespresse,0.323773545913449,39
75,awblog,0.624741238729411,13
75,ots,0.257779377404115,246
75,openpetition,0.876336794148832,10
75,spiegel,0.406383232485138,39
75,kurier,0.213352515927079,315
75,derstandard,0.336968948808476,606
75,orf,0.220271398339992,429
75,profil,0.281043575361136,50
75,queer,0.975479839946568,1
75,morgenpost,0.924720979726792,1
75,kleinezeitung,0.247308442401751,75
75,claudia-roth,0.834307072226753,1
75,sueddeutsche,0.419500533287605,36
75,heute,0.296148920891675,75
75,kontrast,0.355611023018442,41
75,ft,0.986512631999922,2
75,nachrichten,0.303651098332551,65
75,thomasrammerstorfer,0.847893012304156,1
75,republik,0.675338126993701,2
75,krone,0.198706008880163,195
75,wienerzeitung,0.268634496051397,35
75,diepresse,0.239180910376914,274
75,w24,0.851094387678345,2
75,heise,0.82864175902876,1
75,facebook,0.291956204990343,89
75,news,0.413409337607358,15
75,sn,0.368573653914836,34
75,oe24,0.284638934839771,91
75,trend,0.610101758203198,6
75,tips,0.73083797447369,4
75,theguardian,0.97717437521789,6
75,fr,0.888976651738765,1
75,bild,0.485807842635186,11
75,anschlaege,0.896697540752981,1
75,nw,0.878397609909694,1
75,vol,0.532712985389641,13
75,meinbezirk,0.41616822290875,29
75,fpoefails,0.786350359753553,3
75,welt,0.35833133125063,37
75,vienna,0.604972891596337,6
75,tt,0.610659620103649,35
75,vrt,0.873384046259042,1
75,leadersnet,0.728915671422926,3
75,bvz,0.705256802678377,5
75,taz,0.601569976918537,5
75,mosaik-blog,0.561532122399845,4
75,noen,0.680948724378533,5
75,austrianaviation,0.870869202544918,1
75,industriemagazin,0.842893575430155,1
75,dasbiber,0.844237978484711,1
75,aufstehn,0.602241036217864,16
75,schlaglichter,0.849738530555892,1
75,polsatnews,0.974981274314322,1
75,nytimes,0.952130127257076,7
75,reflektive,0.873759534881695,4
75,fpoe,0.512993780993752,10
75,unhcr,0.97381236794611,4
75,stern,0.832118598345413,2
75,futurezone,0.466340751378431,12
75,5min,0.920632888295334,1
75,handelsblatt,0.488128427900392,10
75,3druck,0.915903744218101,1
75,datum,0.675836790425545,3
75,3d-grenzenlos,0.914524654561454,1
75,kathpress,0.922717640122469,4
75,parlament,0.503567210955568,37
75,niittyvirta,0.973304578306364,1
75,sabineschatz,0.566965902102734,17
75,weidenholzer,0.85507967500147,1
75,arbeiterkammerwahl2019,0.817230539368336,1
75,diesubstanz,0.620050034469914,15
75,falter,0.402745493538789,22
75,michaelbernhard,0.957625920758074,2
75,meineabgeordneten,0.876422857235541,1
75,bmk,0.73686066391278,4
75,ard-wien,0.742074441596302,2
75,arminwolf,0.812708501778042,1
75,arbeiterkammer,0.881689285355461,1
75,n-tv,0.696177570591843,4
75,tagesanzeiger,0.733082587416611,2
75,luzernerzeitung,0.767267579317328,2
75,addendum,0.793313114141602,1
75,epicenter,0.766463905630531,2
75,foreignpolicy,0.931480998626749,1
75,neos,0.860376325139801,4
75,tagesspiegel,0.469102596700778,7
75,app,0.710016354256294,2
75,dossier,0.647632819734962,7
75,brandrede,0.850599966689787,5
75,unzensuriert,0.469596469473381,7
75,beatemeinl,0.629971206871122,22
75,tagesschau,0.575738153879285,6
75,global2000,0.918581564646883,1
75,pinknews,0.986648971228635,1
75,klimareporter,0.705681418547611,3
75,agenda-austria,0.720382352079636,3
75,bizeps,0.633258526959061,4
75,gehoertgebloggt,0.549775360731068,6
75,informationsfreiheit,0.844287176113052,1
75,spoe,0.655809616087193,5
75,europa,0.986895527559414,2
75,fob,0.703703186682827,6
75,wiwo,0.832484230655348,1
75,zoom,0.78886287294023,1
75,pagesix,0.976552650874021,1
75,junos,0.846568377267774,1
75,rechnungshof,0.870044803264455,1
75,bazonline,0.837016326445501,3
75,prometheusinstitut,0.904842463210364,1
75,dgb,0.713492275774947,2
75,zurueckzudengruenen,0.651773625328624,4
75,der-postillon,0.776468313089146,3
75,linkedin,0.911402318464534,1
75,stopptdierechten,0.884514459714379,1
75,mymonk,0.890093677984125,1
75,beigewum,0.893115105247087,1
75,metacommunication,0.895104751264884,1
75,energypeace,0.808475865389719,1
75,ichvermeideplastik,0.906510221339306,1
75,jetzt,0.828485968146638,1
75,wikipedia,0.725457883957724,4
75,gruene,0.522100088302811,6
75,idealismprevails,0.818793308389196,1
75,msn,0.798680654180933,3
75,medico,0.846023472152159,1
75,anfdeutsch,0.880977486982912,1
75,reuters,0.94961601318126,1
75,amnesty,0.984405238946576,1
75,fairlassen,0.914488011020066,1
75,tvn,0.986582423585424,1
75,steiermark,0.854134163232024,1
75,fastcompany,0.986504369763276,1
75,trendingtopics,0.816129015708896,1
75,linz-gegen-rechts,0.840184663615642,1
75,armutskonferenz,0.758206567173563,2
75,ga,0.869566567530449,1
75,doew,0.866905460162207,1
75,ams,0.811297007066134,2
75,oegb,0.766195201289828,3
75,zackzack,0.68070116129307,2
75,epochtimes,0.638288211060821,4
75,ggg,0.85747434757485,1
75,boku,0.827403785181165,1
75,jungefreiheit,0.791939681864766,2
75,andreaskollross,0.724759866846377,4
75,wienerin,0.714834678705435,3
75,monatsrevue,0.804800778054821,2
75,brandstaetter-tv,0.656971576610671,4
75,vfgh,0.885459591767227,1
75,spooe,0.960729051150803,2
75,ilmanifesto,0.986543598804464,1
75,bka,0.893701546182719,1
75,s3.amazonaws.com,0.986560759465734,1
75,change,0.961094694011901,4
75,juedische,0.986600254446579,1
75,kinderfreunde,0.763388529812185,4
75,cnn,0.967908252062892,1
75,esiweb,0.955867472240812,1
75,focus,0.605136208250687,7
75,transatlantic-takes,0.822611619404656,1
75,rp-online,0.818313413836804,2
75,verfassungsblog,0.861992717829837,1
75,zdf,0.850952411091663,2
75,noizz,0.84195489212652,1
75,t-online,0.921233136208261,1
75,mittellaendische,0.860994641353508,1
75,dw,0.751452350726553,1
75,moment,0.628474663071067,2
75,finanzen,0.90029746137735,2
75,aidshilfe,0.894409467577765,1
75,biorama,0.870126240845767,2
75,maenner,0.880262122273754,1
75,irishtimes,0.967814949677462,1
75,wordpress,0.584899570935318,8
75,attac,0.818749607101666,1
75,elperiodico,0.991736794800684,3
75,vogue,0.934090685419342,1
75,ortneronline,0.946699839805784,1
75,newsletter2go,0.825901705123121,1
75,lgbtqnation,0.964546399093857,1
75,martinhaunschmid,0.95662562784606,2
75,wri,0.986801432514963,1
75,tz,0.927119893592728,1
75,srf,0.900885528858928,2
75,laola1,0.920765640791942,1
75,puls24,0.889035919621332,1
75,wien,0.796070052432054,2
75,today,0.973308079013858,1
75,eu2020,0.986818521108056,1
75,thehill,0.974682800367001,1
75,forbes,0.983440022414771,1
75,mannschaft,0.843980434864762,1
75,efganidoenmez,0.829130866650874,5
75,distractify,0.986632466629624,1
75,citizengo,0.997312806786087,5
75,sibyllehamann,0.771932210128748,2
75,falscheneun,0.906765959687243,1
75,spektrum,0.848613022407174,1
75,sektionacht,0.868761973901007,1
75,dagmar-woehrl,0.82887324771698,1
75,zeit,0.92510868002005,1
75,bmeia,0.99936143866653,4
75,brandeins,0.791600174784799,1
75,gudrunkugler,0.974207956540367,3
75,scihi,0.974486569326936,1
75,sosmitmensch,0.960878987330966,2
75,br,0.907299778009248,1
75,zurpolitik,0.848625493903993,1
75,theconversation,0.975221792992046,1
75,fischundfleisch,0.836263717461062,1
75,die-tagespost,0.867773600304648,1
75,puls4,0.883677947722996,1
75,schwaebische,0.951972529020495,1
75,kpoe,0.893659838610912,1
75,hbr,0.983689151002786,1
75,gmx,0.71356148899648,2
75,wallstreet-online,0.798349888438776,1
75,sputniknews,0.859075592380654,1
75,fb,0.830596347035641,1
75,rt,0.896760975575594,2
75,achgut,0.750143986264027,2
75,vox,0.986621526111641,1
75,nikischerak,0.824973407293394,1
75,express,0.96100550987173,2
75,bayernkurier,0.806229645465579,1
75,wochenblick,0.840619854939422,1
75,allesroger,0.792500286328703,1
75,faktistfakt,0.947164284255156,2
75,onlinequizcreator,0.906704393405885,1
75,erlebniszug,0.858939131678165,1
75,thetyee,0.975046087122702,1
75,erstaunlich,0.897181283653306,1
75,lopatka,0.936084835914171,1
75,boeckler,0.888030362075329,1
75,info-direkt,0.887367125078281,1
75,salzburg,0.813695823635172,1
75,gpa-djp,0.867077077993661,1
75,philosophia-perennis,0.909766006160453,1
75,bz-berlin,0.85512132415485,1
75,labournetaustria,0.968679067548555,3
75,corneliaecker,0.886880228460062,8
75,tichyseinblick,0.803636503729487,2
75,frauennetzwerk,0.768809984905847,2
75,finanzmarktwelt,0.955857427785575,2
75,pflege-professionell,0.84494792059494,1
75,treffpunkteuropa,0.899329850421374,1
75,thedailyfranz,0.865610932878044,1
75,diealternative,0.751890935077727,5
75,auge,0.875410998959283,1
75,oecd-ilibrary,0.986514013533465,1
75,mailchi,0.895627714691382,1
75,fpoe-bgld,0.884271954744944,1
75,bbc,0.985041297057983,1
75,rklambda,0.863808910518273,1
75,zukunftsprogramm,0.892955865895044,1
75,balkanstories,0.89400819516428,1
